128	64kInvMisc1 2
129	64kInvMisc1 5
130	64kInvMisc1 6
135	64kInvBrickFrame2
136	64kInvShito 3
137	64kInvShito 4
141	64kInvShito 5
142	64kInvPouch
143	64kInvRope
144	64kInvStuffedBaskets 1
145	64kInvStuffedBaskets 2
146	64kInvStuffedBaskets 3
147	64kInvFruits 1
148	64kInvFruits 2
149	64kInvFruits 3
150	64kInvFruits 4
151	64kInvFruits 5
152	64kInvFruits 6
153	64kInvFruits 7
154	64kInvFruits 8
155	64kInvFruits 9
156	64kInvFruits 10
157	64kInvFruits 11
158	64kInvFruits 12
159	64kInvFruits 13
160	64kInvFruits 14
161	64kInvCoins 1
162	64kInvCoins 2
163	64kInvCoins 3
164	64kInvDecayingBatWings
165	64kInvGems 1
166	64kInvGems 2
167	64kInvGems 3
168	64kInvGems 4
169	64kInvGems 5
170	64kInvGems 6
171	64kInvGems 7
172	64kInvKoboldHairs
173	64kInvNecklace 1
174	64kInvNecklace 2
175	64kInvNecklace 3
176	64kInvOrcFeet
177	64kInvRings 1
178	64kInvRings 2
179	64kInvRings 3
180	64kInvRings 4
181	64kInvRings 5
182	64kInvSkeletonBone
183	64kInvSpiderEyes
184	64kInvPadded 1
185	64kInvPadded 2
186	64kInvPadded 3
187	64kInvPadded 4
188	64kInvPadded 5
189	64kInvScale
190	64kInvLever
191	64kInvCamp1
192	64kInvCamp2
193	64kInvCamp3
194	64kInvCamp4
195	64kInvCamp5
196	64kInvCamp6
197	64kInvCamp7
198	64kInvCamp8
199	64kInvCamp9
200	64kInvCamp10
201	64kInvCamp11
202	64kInvCampFireBurnt
203	64kInvGlinting Sword
204	64kInvDestinyGem
205	64kInvVolcanoRock
206	64kInvRingMail 1
207	64kInvRingMail 4
208	64kInvRingMail 2
209	64kInvRingMail 3
210	64kInvFeather
211	64kInvIceShard
212	64kInvLifeGem
213	64kInvOakTreeLeaf
214	64kInvPadded 6
215	64kInvDungeonTorch-a
216	64kInvDungeonTorch-b
217	64kInvDungeonTorch-c
218	64kInvDungeonTorch-d
219	64kInvDungeonTorch-e
220	64kInvDungeonTorch-f
221	64kInvDungeonTorch-g
222	64kInvDungeonTorch-h
223	64kInvDungeonTorch-i
224	64kInvDungeonTorch-j
225	64kInvDungeonTorch-k
226	64kInvDungeonTorch-l
227	64kInvDungeonTorch-m
228	64kInvDungeonTorch-n
229	64kInvDungeonTorch-o
230	64kInvDungeonTorch-p
231	64kInvDungeonTorch-q
232	64kInvDungeonTorch-r
233	64kInvDungeonTorch-s
234	64kInvDungeonTorch-t
235	64kInvDungeonTorch-u
236	64kInvBelt
237	64kInvBlueFlask
238	64kInvBracelet
239	64kInvChest
240	64kInvPinkLeaf
241	64kInvPotion 1
242	64kInvPotion 2
243	64kInvShield
244	64kInvStoneLife
245	64kInvTorch
246	64kInvTooth
247	64kInvGodlyPotion 1
248	64kInvGodlyPotion 2
249	64kInvGodlyPotion 3
250	64kInvGodlyPotion 4
251	64kInvPotions 8
252	64kInvPotions 9
253	64kInvPotions 2
254	64kInvPotions 3
255	64kInvPotions 4
256	64kInvPotions 5
257	64kInvPotions 1
258	64kInvPotions 7
259	64kInvPotions 6
260	64kInvLeatherArmorGloves
261	64kInvLeatherArmorBoots
262	64kInvLeatherArmorLegs
263	64kInvPlateArmorBody
264	64kInvPlateGlove
265	64kInvPlateArmorSleeves
266	64kInvPlateArmorFeet
267	64kInvPlateArmorLegs
268	64kInvPlateArmorHelm
269	64kInvChainMailLegs
270	64kInvChainMailBody
271	64kInvChainMailHelm
272	64kInvDarkSword
273	64kInvRomanShield
274	64kInvBarossaShield
275	64kInvBattleDagger
276	64kInvRealDarkSword
277	64kInvHornedHelmet
278	64kInvBattleSword
279	64kInvNecromanRobe
280	64kInvGoldenCrown
281	64kInvGoldenMorningStar
282	64kInvElvenHat
283	64kInvOrcShield
284	64kInvStuddedLeatherBody
285	64kInvClothSet1Legs
286	64kInvClothSet1Body
287	64kInvStuddedLeatherLegs
288	64kInvRedCape
289	64kInvBlackLeatherBoots
290	64kInvHead
291	64kInvHorloge Solaire
292	64kInvSign1
293	64kInvSign2
294	64kInvSign3
295	64kInvLichStaff
296	64kInvGemStaff
297	64kInvSimpleStaff
298	64kInvSimplePortal-a
299	64kInvSimplePortal-b
300	64kInvSimplePortal-c
301	64kInvSimplePortal-d
302	64kInvSimplePortal-e
303	64kInvSimplePortal-f
304	64kInvSimplePortal-g
305	64kInvSimplePortal-h
306	64kInvSimplePortal-i
307	64kInvSimplePortal-j
308	64kInvSimplePortal-k
309	64kInvSimplePortal-l
310	64kInvSimplePortal-m
311	64kInvSimplePortal-n
312	64kInvSimplePortal-o
313	64kInvSimplePortal-p
314	64kInvSimplePortal-q
315	64kInvSimplePortal-r
316	64kInvSimplePortal-s
317	64kInvSimplePortal-t
318	64kInvSimplePortal-u
319	64kInvSimplePortal-v
320	64kInvSimplePortal-w
321	64kInvSimplePortal-x
322	64kInvSimplePortal-y
323	64kInvSimplePortal-z
324	64kInvVault
325	64kInvSmallTree1
326	64kInvKraanianEgg
328	64kInvWolfPelt
329	64kInvHumanFoot
421	64kInvQuiver
422	64kInvTrollBadge
423	64kInvLongBow
424	64kInvQuiver
425	64kInvMageRobe
447	64kInvRedRobe
448	64kInvOgreClub
449	64kInvLongBow2
450	64kInvShortBowFancy
460	64kInvWhiteRobe
461	64kInvCentaurShield1
462	64kInvCentaurShield2
463	64kInvShamanHelm
464	64kInvSkavenClub
465	64kInvSkavenKnife
466	64kInvSkavenShield1
467	64kInvSkavenShield2
468	64kInvSkavenShield3
469	64kInvSkeletonAxe
470	64kInvSkeletonHelm
471	64kInvSkeletonShield
472	64kInvSkeletonSword
473	64kInvSeraphBlackWings
474	64kInvSeraphWhiteWings
475	64kInvDarkGem
476	64kInvPurpleGem
498	64kInvRedGem
499	64kInvHalberd
500	64kInvSmallGemPurple
552	64kInvSmallGemRed
