packet_id	client_block	working_name	confidence
1	0x49B02C	packet_1	address_confirmed
9	0x49AB44	GET_PLAYER_POS	name_from_python_project
10	0x49B83B	packet_10	address_confirmed
11	0x49B8BD	packet_11	address_confirmed
12	0x49B934	packet_12	address_confirmed
13	0x49A612	PUT_PLAYER_IN_GAME	debug_block+python_name
16	0x49BAC6	packet_16	address_confirmed
18	0x49A0B6	packet_18	address_confirmed
19	0x49942B	packet_19	address_confirmed
20	0x498BFE	EXIT_GAME	name_from_python_project
21	0x499E57	packet_21	address_confirmed
27	0x49A56B	packet_27	address_confirmed
29	0x498E73	packet_29	debug_block
33	0x499DC9	packet_33	address_confirmed
34	0x49A000	packet_34	address_confirmed
35	0x499E86	packet_35	address_confirmed
36	0x499FB8	packet_36	address_confirmed
37	0x4992AC	packet_37	address_confirmed
38	0x49A585	RETURN_TO_MENU	debug_block+python_name
39	0x4998E7	GET_SKILL_LIST / skill list	parser_confirmed
40	0x4994E0	SEND_TRAIN_SKILL_LIST	debug_block+python_name
41	0x499AC6	packet_41	address_confirmed
43	0x498C54	GET_STATUS / PacketStatus	parser_confirmed
44	0x499387	packet_44	address_confirmed
45	0x499864	GET_TIME	debug_block+python_name
46	0x499292	FROM_PREINGAME_TO_INGAME	python_name
48	0x498A1E	packet_48	debug_block
49	0x498A3E	packet_49	debug_block
50	0x49877C	packet_50	debug_block
53	0x498E07	packet_53	debug_block
55	0x499661	packet_55	debug_block
56	0x499C83	packet_56	debug_block
57	0x49BF53	packet_57	address_confirmed
59	0x49E420	packet_59	address_confirmed
60	0x49D972	GET_NEAR_ITEMS / world-load transition	debug_block+python_name
62	0x49DD27	GET_ONLINE_PLAYER_LIST	python_name;parser_link_to_verify
63	0x49DBB1	packet_63	address_confirmed
64	0x49CEE3	packet_64	debug_block
67	0x49E04A	packet_67	address_confirmed
68	0x49E0AF	PUPPET_INFORMATION	parser_confirmed
69	0x49CEC9	packet_69	address_confirmed
70	0x49CB2E	packet_70	address_confirmed
73	0x49CA74	packet_73	address_confirmed
75	0x49C7E6	packet_75	address_confirmed
76	0x49C4A6	packet_76	address_confirmed
78	0x49C729	packet_78	address_confirmed
80	0x49C2D7	packet_80	address_confirmed
82	0x49C3BE	packet_82	address_confirmed
83	0x49E5A9	packet_83	address_confirmed
84	0x49E679	packet_84	address_confirmed
87	0x49C28A	packet_87	address_confirmed
88	0x49C255	packet_88	address_confirmed
92	0x49E561	packet_92	address_confirmed
93	0x49E215	packet_93	address_confirmed
94	0x49E403	packet_94	address_confirmed
95	0x49D916	packet_95	address_confirmed
96	0x49D8C2	packet_96	address_confirmed
97	0x49DFA0	packet_97	address_confirmed
98	0x49BF99	packet_98	address_confirmed
100	0x49DB94	packet_100	address_confirmed
