ordinal	adresse_VA	classe_probable	nom_decore_Msvc
1	0x00401C20	AreaSensitiveEffect	??0AreaSensitiveEffect@@QAE@ABV0@@Z
2	0x00405C60	AreaSensitiveEffect	??0AreaSensitiveEffect@@QAE@XZ
3	0x00406050	AsyncFuncQueue	??0AsyncFuncQueue@@AAE@XZ
4	0x00462F90	BaseReferenceMessages	??0BaseReferenceMessages@@QAE@ABV0@@Z
5	0x00462F80	BaseReferenceMessages	??0BaseReferenceMessages@@QAE@XZ
6	0x00438180	BoostFormula	??0BoostFormula@@QAE@ABV0@@Z
7	0x004096C0	BoostFormula	??0BoostFormula@@QAE@XZ
8	0x00401FC0	CLogger	??0CLogger@@QAE@ABV0@@Z
9	0x004CE590	CLogger	??0CLogger@@QAE@XZ
10	0x0043E020	COptex	??0COptex@@QAE@PBDK@Z
11	0x0043E040	COptex	??0COptex@@QAE@PBGK@Z
12	0x00471C40	CT4CLog	??0CT4CLog@@AAE@XZ
13	0x00402280	CT4CLog	??0CT4CLog@@QAE@ABV0@@Z
14	0x00412770	Character	??0Character@@QAE@XZ
15	0x00432300	Creatures	??0Creatures@@QAE@XZ
16	0x00462EE0	DynamicFlags	??0DynamicFlags@@AAE@AAV0@@Z
17	0x004355D0	DynamicFlags	??0DynamicFlags@@QAE@XZ
18	0x00401E90	GAME_RULES	??0GAME_RULES@@QAE@ABV0@@Z
19	0x00438500	GAME_RULES	??0GAME_RULES@@QAE@XZ
20	0x00439D00	Group	??0Group@@AAE@PAVCharacter@@@Z
21	0x004010A0	Group	??0Group@@QAE@ABV0@@Z
22	0x00401070	IntlText	??0IntlText@@AAE@XZ
23	0x004116A0	MonsterStructure	??0MonsterStructure@@QAE@ABU0@@Z
24	0x00442490	MonsterStructure	??0MonsterStructure@@QAE@XZ
25	0x004490F0	NPCstructure	??0NPC@NPCstructure@@QAE@ABV01@@Z
26	0x004490E0	NPCstructure	??0NPC@NPCstructure@@QAE@XZ
27	0x00449820	NPCstructure	??0NPCstructure@@QAE@ABV0@@Z
28	0x00449AA0	NPCstructure	??0NPCstructure@@QAE@XZ
29	0x00436A80	ObjectStructure	??0ObjectStructure@@QAE@ABV0@@Z
30	0x0044C590	ObjectStructure	??0ObjectStructure@@QAE@XZ
31	0x0044BD80	Objects	??0Objects@@QAE@XZ
32	0x00401650	Players	??0Players@@QAE@ABV0@@Z
33	0x00454580	Players	??0Players@@QAE@XZ
34	0x00401040	Random	??0Random@@AAE@AAV0@@Z
35	0x00401020	Random	??0Random@@QAE@XZ
36	0x00402590	RegKeyHandler	??0RegKeyHandler@@QAE@ABV0@@Z
37	0x00459190	RegKeyHandler	??0RegKeyHandler@@QAE@XZ
38	0x0045A100	SimpleMonster	??0SimpleMonster@@QAE@ABV0@@Z
39	0x0045A350	SimpleMonster	??0SimpleMonster@@QAE@XZ
40	0x00401F50	SpellEffect	??0SpellEffect@@QAE@ABV0@@Z
41	0x00401F40	SpellEffect	??0SpellEffect@@QAE@XZ
42	0x00463A30	SysopCmd	??0SysopCmd@@QAE@XZ
43	0x00462C40	TFCPacket	??0TFCPacket@@QAE@ABV0@@Z
44	0x00485DF0	TFCPacket	??0TFCPacket@@QAE@XZ
45	0x00462E60	TFCTimers	??0TFCTimers@@QAE@ABV0@@Z
46	0x00488C00	TFCTimers	??0TFCTimers@@QAE@XZ
47	0x0048A9E0	Unit	??0Unit@@QAE@_N@Z
48	0x00401D50	WorldMap	??0WorldMap@@QAE@ABV0@@Z
49	0x004AEC30	WorldMap	??0WorldMap@@QAE@XZ
50	0x00405C80	AreaSensitiveEffect	??1AreaSensitiveEffect@@UAE@XZ
51	0x00409760	BoostFormula	??1BoostFormula@@UAE@XZ
52	0x004CE640	CLogger	??1CLogger@@QAE@XZ
53	0x00402580	CT4CLog	??1CT4CLog@@QAE@XZ
54	0x00412B90	Character	??1Character@@EAE@XZ
55	0x00432450	Creatures	??1Creatures@@EAE@XZ
56	0x00435640	DynamicFlags	??1DynamicFlags@@UAE@XZ
57	0x00438510	GAME_RULES	??1GAME_RULES@@UAE@XZ
58	0x00439DF0	Group	??1Group@@UAE@XZ
59	0x00401060	IntlText	??1IntlText@@QAE@XZ
60	0x00412090	MonsterStructure	??1MonsterStructure@@QAE@XZ
61	0x00449790	NPCstructure	??1NPC@NPCstructure@@QAE@XZ
62	0x00449B20	NPCstructure	??1NPCstructure@@UAE@XZ
63	0x0044C8E0	ObjectStructure	??1ObjectStructure@@UAE@XZ
64	0x0044BE70	Objects	??1Objects@@EAE@XZ
65	0x00454750	Players	??1Players@@UAE@XZ
66	0x004591A0	RegKeyHandler	??1RegKeyHandler@@UAE@XZ
67	0x0045A380	SimpleMonster	??1SimpleMonster@@UAE@XZ
68	0x00463A40	SysopCmd	??1SysopCmd@@QAE@XZ
69	0x00485E80	TFCPacket	??1TFCPacket@@UAE@XZ
70	0x00488C30	TFCTimers	??1TFCTimers@@QAE@XZ
71	0x0048AC70	Unit	??1Unit@@MAE@XZ
72	0x004AECA0	WorldMap	??1WorldMap@@UAE@XZ
73	0x0043AEE0	??3Group	??3Group@@CAXPAX@Z
74	0x00401C50	??4AreaSensitiveEffect	??4AreaSensitiveEffect@@QAEAAV0@ABV0@@Z
75	0x00406030	??4AsyncFuncQueue	??4AsyncFuncQueue@@QAEAAV0@ABV0@@Z
76	0x00462FB0	??4BaseReferenceMessages	??4BaseReferenceMessages@@QAEAAV0@ABV0@@Z
77	0x00438210	??4BoostFormula	??4BoostFormula@@QAEAAV0@ABV0@@Z
78	0x00401BF0	??4Broadcast	??4Broadcast@@QAEAAV0@ABV0@@Z
79	0x00402110	??4CLogger	??4CLogger@@QAEAAV0@ABV0@@Z
80	0x0043DFF0	??4COptex	??4COptex@@QAEAAV0@ABV0@@Z
81	0x00425490	??4CPlayerManager	??4CPlayerManager@@QAEAAV0@ABV0@@Z
82	0x0043E060	??4CPrfData	??4CPrfData@@QAEAAV0@ABV0@@Z
83	0x004023F0	??4CT4CLog	??4CT4CLog@@QAEAAV0@ABV0@@Z
84	0x00437470	??4DynObjManager	??4DynObjManager@@QAEAAV0@ABV0@@Z
85	0x00462F50	??4DynamicFlags	??4DynamicFlags@@AAEXAAV0@@Z
86	0x00401EA0	??4GAME_RULES	??4GAME_RULES@@QAEAAV0@ABV0@@Z
87	0x00401200	??4Group	??4Group@@QAEAAV0@ABV0@@Z
88	0x00401080	??4IntlText	??4IntlText@@QAEAAV0@ABV0@@Z
89	0x0043DF30	??4License	??4License@@QAEAAV0@ABV0@@Z
90	0x00411AE0	??4MonsterStructure	??4MonsterStructure@@QAEAAU0@ABU0@@Z
91	0x00449470	NPCstructure	??4NPC@NPCstructure@@QAEAAV01@ABV01@@Z
92	0x00449910	??4NPCstructure	??4NPCstructure@@QAEAAV0@ABV0@@Z
93	0x00436CE0	??4ObjectStructure	??4ObjectStructure@@QAEAAV0@ABV0@@Z
94	0x00462F70	??4ObjectTimer	??4ObjectTimer@@QAEAAV0@ABV0@@Z
95	0x004018F0	??4Players	??4Players@@QAEAAV0@ABV0@@Z
96	0x00401050	??4Random	??4Random@@AAEAAV0@AAV0@@Z
97	0x004025D0	??4RegKeyHandler	??4RegKeyHandler@@QAEAAV0@ABV0@@Z
98	0x0045A1F0	??4SimpleMonster	??4SimpleMonster@@QAEAAV0@ABV0@@Z
99	0x00401090	??4Skills	??4Skills@@QAEAAV0@ABV0@@Z
100	0x00401F70	??4SpellEffect	??4SpellEffect@@QAEAAV0@ABV0@@Z
101	0x0043E080	??4SpellEffectManager	??4SpellEffectManager@@QAEAAV0@ABV0@@Z
102	0x00401F90	??4SpellMessageHandler	??4SpellMessageHandler@@QAEAAV0@ABV0@@Z
103	0x004096B0	??4SysopCmd	??4SysopCmd@@QAEAAV0@ABV0@@Z
104	0x00401FB0	??4TFCMAIN	??4TFCMAIN@@QAEAAV0@ABV0@@Z
105	0x00462CF0	??4TFCPacket	??4TFCPacket@@QAEAAV0@ABV0@@Z
106	0x00462E50	??4TFCTime	??4TFCTime@@QAEAAV0@ABV0@@Z
107	0x00462ED0	??4TFCTimerManager	??4TFCTimerManager@@QAEAAV0@ABV0@@Z
108	0x00462EA0	??4TFCTimers	??4TFCTimers@@QAEAAV0@ABV0@@Z
109	0x00462F60	??4UnitEffectManager	??4UnitEffectManager@@QAEAAV0@ABV0@@Z
110	0x00401DB0	??4WorldMap	??4WorldMap@@QAEAAV0@ABV0@@Z
111	0x00486350	??6TFCPacket	??6TFCPacket@@QAEAAV0@AAVCString@@@Z
112	0x00486330	??6TFCPacket	??6TFCPacket@@QAEAAV0@ABV?$basic_string@DU?$char_traits@D@std@@V?$allocator@D@2@@std@@@Z
113	0x004861B0	??6TFCPacket	??6TFCPacket@@QAEAAV0@D@Z
114	0x00486150	??6TFCPacket	??6TFCPacket@@QAEAAV0@F@Z
115	0x004861F0	??6TFCPacket	??6TFCPacket@@QAEAAV0@J@Z
116	0x00486290	??6TFCPacket	??6TFCPacket@@QAEAAV0@PBD@Z
117	0x00459120	??RRandom	??RRandom@@QAEHAAVdice@@@Z
118	0x004590A0	??RRandom	??RRandom@@QAEHHH@Z
119	0x004590C0	??RRandom	??RRandom@@QAEH_KHH@Z
120	0x004DE5BC	??_7AreaSensitiveEffect	??_7AreaSensitiveEffect@@6B@
121	0x004DEE4C	??_7BaseReferenceMessages	??_7BaseReferenceMessages@@6B@
122	0x004DE60C	??_7BoostFormula	??_7BoostFormula@@6B@
123	0x004DE67C	??_7Character	??_7Character@@6BCLock@@@
124	0x004DE68C	??_7Character	??_7Character@@6BDynamicFlags@@@
125	0x004DEBA0	??_7Creatures	??_7Creatures@@6BCLock@@@
126	0x004DEBB0	??_7Creatures	??_7Creatures@@6BDynamicFlags@@@
127	0x004DEDCC	??_7DynamicFlags	??_7DynamicFlags@@6B@
128	0x004DE5D0	??_7GAME_RULES	??_7GAME_RULES@@6B@
129	0x004DE57C	??_7Group	??_7Group@@6B@
130	0x004DF158	??_7NPCstructure	??_7NPCstructure@@6B@
131	0x004DEDF4	??_7ObjectStructure	??_7ObjectStructure@@6BBaseReferenceMessages@@@
132	0x004DEDE4	??_7ObjectStructure	??_7ObjectStructure@@6BCLock@@@
133	0x004DF1D0	??_7Objects	??_7Objects@@6BCLock@@@
134	0x004DF1E0	??_7Objects	??_7Objects@@6BDynamicFlags@@@
135	0x004DE59C	??_7Players	??_7Players@@6B@
136	0x004DE5DC	??_7RegKeyHandler	??_7RegKeyHandler@@6B@
137	0x004DF41C	??_7SimpleMonster	??_7SimpleMonster@@6B@
138	0x004DE5D4	??_7SpellEffect	??_7SpellEffect@@6B@
139	0x004DF520	??_7TFCPacket	??_7TFCPacket@@6B@
140	0x004DF524	??_7TFCTimers	??_7TFCTimers@@6B@
141	0x004DF648	??_7Unit	??_7Unit@@6BCLock@@@
142	0x004DF658	??_7Unit	??_7Unit@@6BDynamicFlags@@@
143	0x004DE5C0	??_7WorldMap	??_7WorldMap@@6B@
144	0x0050182C		??_C@_0BA@EFDA@SavingStart?5?$CFs?4?$AA@
145	0x0050125C		??_C@_0CE@PMHF@Finished?5async?5saving?5character?5@
146	0x00502094		??_C@_0CG@FILE@Player?5?$CFs?5cast?5spell?5ID?5?$CFu?5on?5hi@
147	0x00502004		??_C@_0CJ@MKFG@Player?5?$CFs?5cast?5spell?5ID?5?$CFu?5on?5ta@
148	0x00502030		??_C@_0CN@JDPF@Player?5?$CFs?5cast?5spell?5ID?5?$CFu?5?$CIwith@
149	0x00502060		??_C@_0DD@HLAH@Player?5?$CFs?5cast?5spell?5ID?5?$CFu?5on?5po@
150	0x0050DF48		??_C@_0DE@BJIO@Saved?5effect?5?$CFu?0?5bufsize?$DN?$CFu?0?5lpb@
151	0x0050DE38		??_C@_0DK@GMNE@DC?5?9?5GPs?5?9?5lpEffect?5is?5a?5null?5po@
152	0x0050DDB8		??_C@_0DK@KFIF@DC?5?9?5GPs?5?9?5lpEffect?5is?5a?5null?5po@
153	0x0050DDF4		??_C@_0EC@GFDG@DC?5?9?5GPs?5?9?5lpEffect?9?$DOlpFunc?5is?5a@
154	0x0050DD74		??_C@_0EC@KMGH@DC?5?9?5GPs?5?9?5lpEffect?9?$DOlpFunc?5is?5a@
155	0x0050DE74		??_C@_0EE@FFOI@Unit?3?3AddBoost2?$HM?5Stat?5?$CFu?8s?5boost@
156	0x0050DEB8		??_C@_0EG@ECD@Unit?3?3AddBoost2?$HM?5Boost?5?$CFu?8s?5form@
157	0x0050DF00		??_C@_0EG@POAO@Unit?3?3AddBoost3?$HM?5Boost?5?$CFu?8s?5form@
158	0x0050E150		??_C@_0EM@NCFD@SELECT?5BoostID?0?5Stat?0?5Boost?5FROM@
159	0x0050DD24		??_C@_0EN@MKPA@DC?5?9?5GPs?5?9?5lpEffect?9?$DOlpFunc?5is?5a@
160	0x0050E1F8		??_C@_0FF@GBFB@SELECT?5FlagID?0?5FlagValue?0?5Dynami@
161	0x0050E0F8		??_C@_0FH@JBDG@INSERT?5INTO?5Boosts?$CIOwnerID?0BaseO@
162	0x0050E19C		??_C@_0FM@OEFN@INSERT?5INTO?5Flags?$CIOwnerID?0BaseOw@
163	0x0050E01C		??_C@_0IM@PHKK@SELECT?5EffectID?0?5EffectType?0?5Tim@
164	0x0050DF7C		??_C@_0JO@MMJE@INSERT?5INTO?5Effects?$CIOwnerID?0Base@
165	0x00463570	??_FUnit	??_FUnit@@QAEXXZ
166	0x00458A90	Players	?AccountHeartBeat@Players@@SA_NXZ
167	0x00458820	Players	?AccountLogged@Players@@SA_NABVCString@@PBD@Z
168	0x00458930	Players	?AccountLoggonFailed@Players@@SAXABVCString@@@Z
169	0x00461560	SpellMessageHandler	?ActivateSpell@SpellMessageHandler@@SAHGPAVUnit@@00UWorldPos@@@Z
170	0x0044C460	Objects	?Add@Objects@@QAEXK@Z
171	0x0048D790	Unit	?AddBoost@Unit@@QAEXKGH@Z
172	0x0048D980	Unit	?AddBoost@Unit@@QAEXKGPBD@Z
173	0x0048D760	Unit	?AddBoost@Unit@@QAEXPAU_BOOST@@@Z
174	0x00447A90	(global)	?AddBuyItemFunc@@YAXKKAAV?$TemplateList@U_OBJECTITEM@@@@PAVCharacter@@@Z
175	0x0048C810	Unit	?AddEffect@Unit@@QAEXPAU_UNIT_EFFECT@@@Z
176	0x00471F40	TFCMAIN	?AddMonster@TFCMAIN@@SAXPAVUnit@@@Z
177	0x0044DC10	ObjectTimer	?AddObject@ObjectTimer@@SAXPAVUnit@@@Z
178	0x004569F0	Players	?AddPlayer@Players@@QAEXVCString@@GG@Z
179	0x00447C40	(global)	?AddSellItemFunc@@YAXKKKAAV?$TemplateList@U_OBJECTITEM@@@@PAVCharacter@@@Z
180	0x004471B0	(global)	?AddTeachSkillFunc@@YAXHKKAAHAAV?$TemplateList@U_SKILLITEM@@@@PAVUnit@@@Z
181	0x00489700	TFCTimerManager	?AddTimer@TFCTimerManager@@SAXGKP6AXGEPAX0@Z0H@Z
182	0x00488C90	TFCTimers	?AddTimer@TFCTimers@@UAEXGKP6AXGEPAX0@Z0H@Z
183	0x00420D20	Character	?AddToBackpack@Character@@QAEXPAVObjects@@@Z
184	0x00447430	(global)	?AddTrainSkillFunc@@YAXHHKAAHAAV?$TemplateList@U_SKILLITEM@@@@PAVUnit@@@Z
185	0x004450D0	(global)	?AfterNPCThread@@YAXXZ
186	0x0043D980	IntlText	?AppendString@IntlText@@SAAAVCString@@KGAAV2@@Z
187	0x00452080	CPlayerManager	?AsyncDeletePlayer@CPlayerManager@@KAXPAX@Z
188	0x00406190	AsyncFuncQueue	?AsyncFuncQueueFunc@AsyncFuncQueue@@AAEXXZ
189	0x00406170	AsyncFuncQueue	?AsyncFuncQueueThread@AsyncFuncQueue@@CGIPAX@Z
190	0x004CEAF0	CLogger	?AsyncLog@CLogger@@QAAXGPBDZZ
191	0x004CF1F0	CLogger	?AsyncLogThread@CLogger@@CAXPAX@Z
192	0x004722A0	TFCMAIN	?Attack@TFCMAIN@@SAHPAVUnit@@0AA_N@Z
193	0x00432EB0	_MONSTER_ATTACK	?Attack@_MONSTER_ATTACK@@UAEHPAVUnit@@0@Z
194	0x00432EC0	_MONSTER_SPELL_ATTACK	?Attack@_MONSTER_SPELL_ATTACK@@UAEHPAVUnit@@0@Z
195	0x00412430	Character	?AutoConfigUpdate@Character@@CAXXZ
196	0x0040FCA0	Broadcast	?BCAttack@Broadcast@@SAXUWorldPos@@EKKD00PAVSendPacketVisitor@@@Z
197	0x0040FD90	Broadcast	?BCMiss@Broadcast@@SAXUWorldPos@@EKK00PAVSendPacketVisitor@@@Z
198	0x0040FB60	Broadcast	?BCObjectChanged@Broadcast@@SAXUWorldPos@@EGKPAVSendPacketVisitor@@@Z
199	0x0040FC00	Broadcast	?BCObjectRemoved@Broadcast@@SAXUWorldPos@@EKPAVSendPacketVisitor@@@Z
200	0x0040FFF0	Broadcast	?BCServerMessage@Broadcast@@SAXUWorldPos@@EVCString@@PAVSendPacketVisitor@@@Z
201	0x0040FE60	Broadcast	?BCSkillUsed@Broadcast@@SAXUWorldPos@@EGPAVSendPacketVisitor@@@Z
202	0x0040FF00	Broadcast	?BCSpellEffect@Broadcast@@SAXUWorldPos@@EGKK00KKPAVSendPacketVisitor@@@Z
203	0x0040FAF0	Broadcast	?BCast@Broadcast@@SAXUWorldPos@@EAAVTFCPacket@@PAVSendPacketVisitor@@@Z
204	0x004427C0	(global)	?BeforeNPCThread@@YAXXZ
205	0x004577D0	Players	?BeginSession@Players@@QAEXXZ
206	0x004467C0	(global)	?BreakFunc@@YAXPAVUnit@@0@Z
207	0x0048F7E0	Unit	?BroadcastPopup@Unit@@QAEXUWorldPos@@H@Z
208	0x00422700	Character	?BroadcastSeraphArrival@Character@@QAEXXZ
209	0x00438FD0	GAME_RULES	?CalcStatBonus@GAME_RULES@@SAXHGGPAVCharacter@@@Z
210	0x00406130	AsyncFuncQueue	?Call@AsyncFuncQueue@@QAEXP6AXPAX@Z0@Z
211	0x00472080	TFCMAIN	?CallUnitStartupFunctions@TFCMAIN@@SAXXZ
212	0x0041EC40	Character	?CanAttack@Character@@UAEHXZ
213	0x00432BC0	Creatures	?CanAttack@Creatures@@UAEHXZ
214	0x0048F440	Unit	?CanAttack@Unit@@UAEHXZ
215	0x00417BE0	Character	?CanEquip@Character@@QAEHPAVUnit@@PAU_item@@HPAVCString@@@Z
216	0x00422810	Character	?CanInvite@Character@@QAE_NXZ
217	0x00432BF0	Creatures	?CanMove@Creatures@@UAEHXZ
218	0x0048F4B0	Unit	?CanMove@Unit@@UAEHXZ
219	0x004015E0	Players	?CanPVP@Players@@QAE_NXZ
220	0x00458790	Players	?CanPage@Players@@QAE_NXZ
221	0x00458350	Players	?CanShout@Players@@QAE_NXZ
222	0x004199A0	Character	?CastSpell@Character@@QAEHGPAVUnit@@@Z
223	0x00419D40	Character	?CastSpell@Character@@QAEHGUWorldPos@@@Z
224	0x00448640	(global)	?ChatterShoutFunc@@YAXPBDPAVUnit@@1@Z
225	0x0048B040	Unit	?CleanCorpse@Unit@@SAXGEPAX0@Z
226	0x00422400	Character	?ClearAllSkillsAndSpells@Character@@QAEXXZ
227	0x004593C0	RegKeyHandler	?Close@RegKeyHandler@@QAEXXZ
228	0x0041FD00	Character	?CopySpells@Character@@QAEXPAVUnit@@@Z
229	0x00405CA0	AreaSensitiveEffect	?Create@AreaSensitiveEffect@@QAEXIIGPAXH@Z
230	0x0040FAD0	Broadcast	?Create@Broadcast@@SAXXZ
231	0x00451A20	CPlayerManager	?Create@CPlayerManager@@SAXXZ
232	0x00471C80	CT4CLog	?Create@CT4CLog@@AAEXPAEG@Z
233	0x00438520	GAME_RULES	?Create@GAME_RULES@@SAXXZ
234	0x0043CC00	IntlText	?Create@IntlText@@CAXXZ
235	0x0044DBF0	ObjectTimer	?Create@ObjectTimer@@SAXXZ
236	0x0044C070	Objects	?Create@Objects@@UAEHII@Z
237	0x004591C0	RegKeyHandler	?Create@RegKeyHandler@@QAEHPAUHKEY__@@PBD@Z
238	0x0045A370	SimpleMonster	?Create@SimpleMonster@@QAEXXZ
239	0x004607E0	Skills	?Create@Skills@@SAXXZ
240	0x00460EF0	SpellMessageHandler	?Create@SpellMessageHandler@@SAXXZ
241	0x00463A50	SysopCmd	?Create@SysopCmd@@SAXXZ
242	0x00488890	TFCTime	?Create@TFCTime@@SAXAAU_TFCTIME@@0@Z
243	0x0048B0C0	Unit	?Create@Unit@@UAEHII@Z
244	0x004AEEF0	WorldMap	?Create@WorldMap@@QAEXGGGPAE@Z
245	0x00415C10	Character	?CreateCharacter@Character@@AAEHVCString@@PAE@Z
246	0x00460820	SpellEffect	?CreateEffectStatus@SpellEffect@@SAXPAVUnit@@KKKPAU_SPELL_STRUCT@@@Z
247	0x00439F10	Group	?CreateGroup@Group@@SAPAV1@PAVCharacter@@@Z
248	0x00451C80	CPlayerManager	?CreatePlayer@CPlayerManager@@SAPAVPlayers@@Usockaddr_in@@VCString@@@Z
249	0x0048B030	Unit	?CreateVirtualUnit@Unit@@UAEXXZ
250	0x004015D0	Players	?CreditDeduction@Players@@QAEHXZ
251	0x0050DB04	Unit	?CurrentGlobalID@Unit@@0IA
252	0x00413CA0	Character	?DataSaveCallback@Character@@CAXKPAX@Z
253	0x004888F0	TFCTime	?Day@TFCTime@@SAHXZ
254	0x0048F6A0	Unit	?DealExhaust@Unit@@UAEXKKK@Z
255	0x0041B250	Character	?Death@Character@@UAEXPAU_ATTACK_STRUCTURE@@PAVUnit@@@Z
256	0x004324B0	Creatures	?Death@Creatures@@UAEXPAU_ATTACK_STRUCTURE@@PAVUnit@@@Z
257	0x0048B850	Unit	?Death@Unit@@UAEXPAU_ATTACK_STRUCTURE@@PAV1@@Z
258	0x00438A20	GAME_RULES	?DeathPenalties@GAME_RULES@@SAXPAVCharacter@@PAVUnit@@PAV?$TemplateList@VUnit@@@@2AAK@Z
259	0x00471D40	CT4CLog	?DebugLog@CT4CLog@@SAXGPBDZZ
260	0x00486050	TFCPacket	?DecryptPacket@TFCPacket@@QAEHXZ
261	0x0048E9F0	Unit	?DeferredLoadEffects@Unit@@QAEXXZ
262	0x004015C0	Players	?Delete@Players@@QAEHXZ
263	0x004168E0	Character	?DeleteCharacter@Character@@QAEDVCString@@0H@Z
264	0x00459400	RegKeyHandler	?DeleteKey@RegKeyHandler@@QAEHPBD@Z
265	0x00451EE0	CPlayerManager	?DeletePlayer@CPlayerManager@@SAXPAVPlayers@@H@Z
266	0x004015B0	Players	?DeletePlayer@Players@@QAEXXZ
267	0x0048AF10	Unit	?DeleteUnit@Unit@@UAE_NXZ
268	0x004593E0	RegKeyHandler	?DeleteValue@RegKeyHandler@@QAEHPBD@Z
269	0x00432A40	Creatures	?Destination@Creatures@@UAE?AUWorldPos@@XZ
270	0x0048BA20	Unit	?Destination@Unit@@UAE?AUWorldPos@@XZ
271	0x00451AC0	CPlayerManager	?Destroy@CPlayerManager@@SAXXZ
272	0x00471C70	CT4CLog	?Destroy@CT4CLog@@AAEXXZ
273	0x004376B0	DynObjManager	?Destroy@DynObjManager@@SAXXZ
274	0x0043CC20	IntlText	?Destroy@IntlText@@CAXXZ
275	0x0044DC00	ObjectTimer	?Destroy@ObjectTimer@@SAXXZ
276	0x004607F0	Skills	?Destroy@Skills@@SAXXZ
277	0x00460A70	SpellEffectManager	?Destroy@SpellEffectManager@@SAXXZ
278	0x00460F10	SpellMessageHandler	?Destroy@SpellMessageHandler@@SAXXZ
279	0x00485EC0	TFCPacket	?Destroy@TFCPacket@@QAEXXZ
280	0x00490C20	UnitEffectManager	?Destroy@UnitEffectManager@@SAXXZ
281	0x0048CDB0	Unit	?DestroyEffects@Unit@@QAEXXZ
282	0x00412710	Character	?DestroyEquipment@Character@@AAEXXZ
283	0x00435AC0	DynamicFlags	?DestroyFlags@DynamicFlags@@UAEXXZ
284	0x004133B0	Character	?DestroyODBC@Character@@SAXXZ
285	0x004549F0	Players	?DestroyODBC@Players@@SAXXZ
286	0x004897C0	TFCTimerManager	?DestroyTimers@TFCTimerManager@@SAXXZ
287	0x004895C0	TFCTimers	?DestroyTimers@TFCTimers@@UAEXXZ
288	0x0043A950	Group	?Dismiss@Group@@QAEXK@Z
289	0x0043A6E0	Group	?Dismiss@Group@@QAEXPAVCharacter@@@Z
290	0x00460980	SpellEffect	?DispellEffectStatus@SpellEffect@@SAXPAVUnit@@K@Z
291	0x0048CAD0	Unit	?DispellEffectWithFlag@Unit@@QAEXK@Z
292	0x0048FB90	Unit	?DispellInvisibility@Unit@@UAEXXZ
293	0x0043A260	Group	?DistributeGold@Group@@QAEXPAVCharacter@@K@Z
294	0x0043A1D0	Group	?DistributeKillGold@Group@@QAEXPAVCharacter@@K@Z
295	0x00439FA0	Group	?DistributeKillXP@Group@@QAEXPAVCharacter@@_J@Z
296	0x0041FC80	Character	?Disturbed@Character@@QAEXXZ
297	0x0048BA10	Unit	?Do@Unit@@UAEXE@Z
298	0x00417240	Character	?DropUnit@Character@@QAEPAVUnit@@UWorldPos@@KK@Z
299	0x00485F40	TFCPacket	?EncryptPacket@TFCPacket@@QAEXXZ
300	0x004223A0	Character	?EquipCount@Character@@QAEKG@Z
301	0x0041FF10	Character	?ExecAutoCombat@Character@@QAE_NXZ
302	0x00405D30	AreaSensitiveEffect	?Execute@AreaSensitiveEffect@@AAEXPAVUnit@@@Z
303	0x00460000	Skills	?ExecuteSkill@Skills@@SAHHHPAVUnit@@00PAX1PAVUSER_SKILL@@@Z
304	0x00438990	GAME_RULES	?FaithRegen@GAME_RULES@@SAXPAVUnit@@@Z
305	0x0043CDC0	IntlText	?FetchNumber@IntlText@@CAHAAVEncParse@1@AAKAAG@Z
306	0x0043CE70	IntlText	?FetchString@IntlText@@CAHAAVEncParse@1@AAVCString@@AAG@Z
307	0x00463D80	SysopCmd	?FindCharacter@SysopCmd@@CAPAVPlayers@@VCString@@@Z
308	0x004B1DB0	WorldMap	?FindNearUnit@WorldMap@@QAEPAVUnit@@UWorldPos@@K@Z
309	0x004B21A0	WorldMap	?FindValidSpot@WorldMap@@QAE?AUWorldPos@@U2@G@Z
310	0x00452640	CPlayerManager	?FreePlayerResource@CPlayerManager@@SAXPAVPlayers@@@Z
311	0x00486770	TFCPacket	?Get@TFCPacket@@QAEXAAV?$basic_string@DU?$char_traits@D@std@@V?$allocator@D@2@@std@@@Z
312	0x00486540	TFCPacket	?Get@TFCPacket@@QAEXPAD@Z
313	0x00486700	TFCPacket	?Get@TFCPacket@@QAEXPAE@Z
314	0x004864B0	TFCPacket	?Get@TFCPacket@@QAEXPAF@Z
315	0x00486670	TFCPacket	?Get@TFCPacket@@QAEXPAG@Z
316	0x004863F0	TFCPacket	?Get@TFCPacket@@QAEXPAJ@Z
317	0x004865B0	TFCPacket	?Get@TFCPacket@@QAEXPAK@Z
318	0x0041EA40	Character	?GetAC@Character@@UAENXZ
319	0x0048C6E0	Unit	?GetAC@Unit@@UAENXZ
320	0x0048E1B0	Unit	?GetAGI@Unit@@QAEGXZ
321	0x0048E1F0	Unit	?GetATTACK@Unit@@QAEGXZ
322	0x00456E10	Players	?GetAccount@Players@@QBE?AVCString@@XZ
323	0x004062B0	AsyncFuncQueue	?GetAcctQueue@AsyncFuncQueue@@SAPAV1@XZ
324	0x0041EC00	Character	?GetAgressivness@Character@@UAEDXZ
325	0x004329F0	Creatures	?GetAgressivness@Creatures@@UAEDXZ
326	0x0048BC60	Unit	?GetAgressivness@Unit@@UAEDXZ
327	0x00463210	Unit	?GetAirPower@Unit@@QAEHXZ
328	0x00462FD0	Unit	?GetAirResist@Unit@@QAEHXZ
329	0x0048CDA0	Unit	?GetAllEffects@Unit@@QAEPAV?$TemplateList@U_UNIT_EFFECT@@@@XZ
330	0x0048B940	Unit	?GetAppearance@Unit@@UAEIXZ
331	0x0041D230	Character	?GetBackpack@Character@@UAEPAV?$TemplateList@VUnit@@@@XZ
332	0x0044C0B0	Objects	?GetBackpack@Objects@@UAEPAV?$TemplateList@VUnit@@@@XZ
333	0x0048B980	Unit	?GetBackpack@Unit@@UAEPAV?$TemplateList@VUnit@@@@XZ
334	0x0048F470	Unit	?GetBlock@Unit@@QAEEXZ
335	0x00438620	GAME_RULES	?GetBlowPrecision@GAME_RULES@@SAKKKKK@Z
336	0x0048C1B0	Unit	?GetBond@Unit@@UAEPAV1@XZ
337	0x0040C350	BoostFormula	?GetBoost@BoostFormula@@QAENPAX0NNNPAV?$map@V?$basic_string@DU?$char_traits@D@std@@V?$allocator@D@2@@std@@NU?$less@V?$basic_string@DU?$char_traits@D@std@@V?$allocator@D@2@@std@@@2@V?$allocator@U?$pair@$$CBV?$basic_string@DU?$char_traits@D@std@@V?$allocator@D@2@@std@@N@std@@@2@@std@@@Z
338	0x0048DDC0	Unit	?GetBoost@Unit@@QAEPAU_BOOST@@K@Z
339	0x00486A30	TFCPacket	?GetBuffer@TFCPacket@@QAEXAAPAEAAH@Z
340	0x00453E80	CPlayerManager	?GetCharacter@CPlayerManager@@SAPAVPlayers@@VCString@@@Z
341	0x00454050	CPlayerManager	?GetChatter@CPlayerManager@@SAAAVChatterChannels@@XZ
342	0x0041D5C0	Character	?GetClan@Character@@UAEGXZ
343	0x00432A10	Creatures	?GetClan@Creatures@@UAEGXZ
344	0x0048BC80	Unit	?GetClan@Unit@@UAEGXZ
345	0x0048C330	Unit	?GetClass@Unit@@UAEEXZ
346	0x0048C340	Unit	?GetClassPoints@Unit@@UAEPAGXZ
347	0x004B2700	WorldMap	?GetCollisionPos@WorldMap@@QAEHUWorldPos@@0PAU2@PAPAVUnit@@_N3@Z
348	0x00471F20	TFCMAIN	?GetColosseum@TFCMAIN@@SAKXZ
349	0x0041CF40	Character	?GetCorpse@Character@@UAEGXZ
350	0x0048BD20	Unit	?GetCorpse@Unit@@UAEGXZ
351	0x00457130	Players	?GetCredits@Players@@QAEKXZ
352	0x0048E210	Unit	?GetDODGE@Unit@@QAEGXZ
353	0x00463300	Unit	?GetDarkPower@Unit@@QAEHXZ
354	0x004630C0	Unit	?GetDarkResist@Unit@@QAEHXZ
355	0x004868E0	TFCPacket	?GetDebugPacketString@TFCPacket@@QAE?AVCString@@XZ
356	0x0043DA60	IntlText	?GetDefaultLng@IntlText@@SAGXZ
357	0x00432B60	Creatures	?GetDetectRange@Creatures@@UAEEXZ
358	0x0048C5F0	Unit	?GetDetectRange@Unit@@UAEEXZ
359	0x00471F30	TFCMAIN	?GetDoppelganger@TFCMAIN@@SAKXZ
360	0x0048E190	Unit	?GetEND@Unit@@QAEGXZ
361	0x004632A0	Unit	?GetEarthPower@Unit@@QAEHXZ
362	0x00463060	Unit	?GetEarthResist@Unit@@QAEHXZ
363	0x0048CCE0	Unit	?GetEffect@Unit@@QAEPAU_UNIT_EFFECT@@K@Z
364	0x00460C00	SpellEffectManager	?GetEffectObject@SpellEffectManager@@SAPAVSpellEffect@@GPAU_SPELL_STRUCT@@@Z
365	0x00490B40	UnitEffectManager	?GetEffectProc@UnitEffectManager@@SAP6AXGKPAVUnit@@00PAX1@ZK@Z
366	0x0041EC20	Character	?GetEquipment@Character@@QAEPAPAVUnit@@XZ
367	0x0048B9A0	Unit	?GetEquipped@Unit@@UAEPAV?$TemplateList@VUnit@@@@XZ
368	0x0041DAD0	Character	?GetExhaust@Character@@UAE?AU_EXHAUST@@XZ
369	0x00432990	Creatures	?GetExhaust@Creatures@@UAE?AU_EXHAUST@@XZ
370	0x0048B9C0	Unit	?GetExhaust@Unit@@UAE?AU_EXHAUST@@XZ
371	0x0041DFB0	Character	?GetFaith@Character@@UAEGXZ
372	0x0048C360	Unit	?GetFaith@Unit@@UAEGXZ
373	0x00463270	Unit	?GetFirePower@Unit@@QAEHXZ
374	0x00463030	Unit	?GetFireResist@Unit@@QAEHXZ
375	0x00435A20	DynamicFlags	?GetFlags@DynamicFlags@@UAEXAAV?$vector@U?$pair@KJ@std@@V?$allocator@U?$pair@KJ@std@@@2@@std@@@Z
376	0x00458C60	Players	?GetFullAccountName@Players@@QBE?AVCString@@XZ
377	0x004015A0	Character	?GetGameOpContext@Character@@QAEPAV1@XZ
378	0x00422F30	Unit	?GetGender@Unit@@UAEEXZ
379	0x00452660	CPlayerManager	?GetGlobalBroadcastAddress@CPlayerManager@@SAXAAV?$vector@Usockaddr_in@@V?$allocator@Usockaddr_in@@@std@@@std@@PAVSendPacketVisitor@@_N@Z
380	0x00454AE0	Players	?GetGodFlags@Players@@QAE_KXZ
381	0x0041D850	Character	?GetGold@Character@@UAEHXZ
382	0x0048BE80	Unit	?GetGold@Unit@@UAEHXZ
383	0x0041FCC0	Character	?GetGroup@Character@@QAEPAVGroup@@XZ
384	0x0043AC10	Group	?GetGroupMembers@Group@@QAEXAAV?$vector@PAVCharacter@@V?$allocator@PAVCharacter@@@std@@@std@@@Z
385	0x0041D6A0	Character	?GetHP@Character@@UAEKXZ
386	0x00432AD0	Creatures	?GetHP@Creatures@@UAEKXZ
387	0x0048BDE0	Unit	?GetHP@Unit@@UAEKXZ
388	0x004B2380	WorldMap	?GetHiveAt@WorldMap@@AAEPAVUnit@@HH@Z
389	0x00471EF0	TFCMAIN	?GetHomeDir@TFCMAIN@@SA?AVCString@@XZ
390	0x0048B700	Unit	?GetID@Unit@@QAEIXZ
391	0x0048A2D0	Unit	?GetIDFromName@Unit@@SAGVCString@@EH@Z
392	0x0048E170	Unit	?GetINT@Unit@@QAEGXZ
393	0x00454A40	Players	?GetIP@Players@@QAE?AVCString@@XZ
394	0x00432A90	Creatures	?GetIdleTime@Creatures@@UAEIXZ
395	0x0048BD50	Unit	?GetIdleTime@Unit@@UAEIXZ
396	0x0048C600	Unit	?GetIndentItem@Unit@@UAEPAV1@PAK@Z
397	0x00434200	CDebugLockManager	?GetInstance@CDebugLockManager@@SAPAV1@XZ
398	0x00422F60	Unit	?GetInvisibleQuery@Unit@@UAEPAVQueryInvisible@1@XZ
399	0x00422F50	Unit	?GetKarma@Unit@@UAEHXZ
400	0x0041F7B0	Character	?GetLang@Character@@UAEGXZ
401	0x0048F4C0	Unit	?GetLang@Unit@@UAEGXZ
402	0x00432B90	Creatures	?GetLastTeleport@Creatures@@UAE?AUWorldPos@@XZ
403	0x0048C7C0	Unit	?GetLastTeleport@Unit@@UAE?AUWorldPos@@XZ
404	0x0043ACA0	Group	?GetLeader@Group@@QAEPAVCharacter@@XZ
405	0x0048C300	Unit	?GetLevel@Unit@@UAEGXZ
406	0x004632D0	Unit	?GetLightPower@Unit@@QAEHXZ
407	0x00463090	Unit	?GetLightResist@Unit@@QAEHXZ
408	0x00401510	Character	?GetListingMiscDesc@Character@@QAE?AVCString@@XZ
409	0x00452740	CPlayerManager	?GetLocalBroadcastAddress@CPlayerManager@@SAXAAV?$vector@Usockaddr_in@@V?$allocator@Usockaddr_in@@@std@@@std@@UWorldPos@@HPAVSendPacketVisitor@@@Z
410	0x004B0560	WorldMap	?GetLocalRandomPos@WorldMap@@QAE?AUWorldPos@@U2@E@Z
411	0x004B1F50	WorldMap	?GetLocalUnits@WorldMap@@QAEPAV?$TemplateList@VUnit@@@@UWorldPos@@EH@Z
412	0x00471D10	CT4CLog	?GetLog@CT4CLog@@SAPAVCLogger@@K@Z
413	0x00471DE0	CT4CLog	?GetLogID@CT4CLog@@SAKK@Z
414	0x004CEAE0	CLogger	?GetLogLevels@CLogger@@QAEGXZ
415	0x00422E60	Unit	?GetLowerLimit@Unit@@UAE?AUWorldPos@@XZ
416	0x004B1C40	WorldMap	?GetMAXX@WorldMap@@QAEHXZ
417	0x004B1C50	WorldMap	?GetMAXY@WorldMap@@QAEHXZ
418	0x00406300	AsyncFuncQueue	?GetMainQueue@AsyncFuncQueue@@SAPAV1@XZ
419	0x0041D7B0	Character	?GetMana@Character@@UAEGXZ
420	0x00432B20	Creatures	?GetMana@Creatures@@UAEGXZ
421	0x0048BE60	Unit	?GetMana@Unit@@UAEGXZ
422	0x0048D750	Unit	?GetMark@Unit@@QAEEXZ
423	0x0041DFC0	Character	?GetMaxFaith@Character@@UAEGXZ
424	0x0048C370	Unit	?GetMaxFaith@Unit@@UAEGXZ
425	0x0048BDA0	Unit	?GetMaxHP@Unit@@UAEKXZ
426	0x0048BE10	Unit	?GetMaxMana@Unit@@UAEGXZ
427	0x00401FA0	TFCMAIN	?GetMaxPlayers@TFCMAIN@@SAGXZ
428	0x0041F7C0	Character	?GetMaxWeight@Character@@UAEHXZ
429	0x0048F520	Unit	?GetMaxWeight@Unit@@UAEHXZ
430	0x00472000	TFCMAIN	?GetMaxWorlds@TFCMAIN@@SAGXZ
431	0x0044ABC0	NPCstructure	?GetMonsterStructure@NPC@NPCstructure@@QAEPAUMonsterStructure@@XZ
432	0x0045A720	SimpleMonster	?GetMonsterStructure@SimpleMonster@@QAEPAUMonsterStructure@@XZ
433	0x0041DA00	Character	?GetName@Character@@UAE?AVCString@@G@Z
434	0x0044C100	Objects	?GetName@Objects@@UAE?AVCString@@G@Z
435	0x0048B860	Unit	?GetName@Unit@@UAE?AVCString@@G@Z
436	0x0045FF60	_SKILL	?GetName@_SKILL@@QAEPBDG@Z
437	0x00489EB0	Unit	?GetNameFromID@Unit@@SAHGPADE@Z
438	0x004386A0	GAME_RULES	?GetNaturalDamage@GAME_RULES@@SAKPAVUnit@@@Z
439	0x00462810	(global)	?GetNextGlobalEffectID@@YAKXZ
440	0x00412FA0	Character	?GetODBC@Character@@SAPAVcODBCMage@@XZ
441	0x004578C0	Players	?GetOnlineTime@Players@@QAENXZ
442	0x00409C10	BoostFormula	?GetOperandValue@BoostFormula@@AAENPAU_OPERAND@1@PAX1NNNPAV?$map@V?$basic_string@DU?$char_traits@D@std@@V?$allocator@D@2@@std@@NU?$less@V?$basic_string@DU?$char_traits@D@std@@V?$allocator@D@2@@std@@@2@V?$allocator@U?$pair@$$CBV?$basic_string@DU?$char_traits@D@std@@V?$allocator@D@2@@std@@N@std@@@2@@std@@@Z
443	0x0040F1E0	BoostFormula	?GetOriginalFormula@BoostFormula@@QAEPADXZ
444	0x00456F20	Players	?GetPCs@Players@@QAEPAV?$TemplateList@UCStringAndRace@@@@XZ
445	0x00486A60	TFCPacket	?GetPacketID@TFCPacket@@QAEFXZ
446	0x00463A70	SysopCmd	?GetParameters@SysopCmd@@SAHPBDVCString@@PAV2@@Z
447	0x0041AAF0	Character	?GetPlayer@Character@@QAEPAVPlayers@@XZ
448	0x0048C2E0	Unit	?GetPlayer@Unit@@QAEPAXXZ
449	0x00452530	CPlayerManager	?GetPlayerResource@CPlayerManager@@SAPAVPlayers@@Usockaddr_in@@@Z
450	0x00454A70	Players	?GetPort@Players@@QAEHXZ
451	0x00459300	RegKeyHandler	?GetProfileIntA@RegKeyHandler@@QAEKPBDK@Z
452	0x004592B0	RegKeyHandler	?GetProfileStringA@RegKeyHandler@@QAEPBDPBD0@Z
453	0x00456D90	Players	?GetPwd@Players@@QBE?AVCString@@XZ
454	0x0044C3F0	Objects	?GetQty@Objects@@QAEKXZ
455	0x0048D660	Unit	?GetRadiance@Unit@@QAECXZ
456	0x0043ACB0	Group	?GetRangeGroupMembers@Group@@AAEXPAVCharacter@@AAV?$vector@PAVCharacter@@V?$allocator@PAVCharacter@@@std@@@std@@@Z
457	0x00458C30	Players	?GetRealm@Players@@QBE?AVCString@@XZ
458	0x00437810	DynObjManager	?GetRegisteredUnit@DynObjManager@@SAPAVObjectStructure@@GGPBD@Z
459	0x00472290	TFCMAIN	?GetRound@TFCMAIN@@SAKXZ
460	0x00489BF0	(global)	?GetRunTime@@YAKXZ
461	0x0048E150	Unit	?GetSTR@Unit@@QAEGXZ
462	0x004590F0	Random	?GetSeed@Random@@SA_KXZ
463	0x0041E770	Character	?GetSkill@Character@@UAEPAVUSER_SKILL@@K@Z
464	0x00460690	Skills	?GetSkill@Skills@@SAPAU_SKILL@@H@Z
465	0x0048C790	Unit	?GetSkill@Unit@@UAEPAVUSER_SKILL@@K@Z
466	0x004606B0	Skills	?GetSkillByName@Skills@@SAPAU_SKILL@@V?$basic_string@DU?$char_traits@D@std@@V?$allocator@D@2@@std@@G@Z
467	0x0041E890	Character	?GetSkillLists@Character@@QAEPAV?$TemplateList@VUSER_SKILL@@@@XZ
468	0x0041EA00	Character	?GetSkillPoints@Character@@UAEGXZ
469	0x0048C7A0	Unit	?GetSkillPoints@Unit@@UAEGXZ
470	0x0048BC40	Unit	?GetSpeed@Unit@@UAEEXZ
471	0x0048BC10	Unit	?GetSpeedExhaust@Unit@@UAEEXZ
472	0x00462230	SpellMessageHandler	?GetSpell@SpellMessageHandler@@SAPAU_SPELL_STRUCT@@G@Z
473	0x00462260	SpellMessageHandler	?GetSpellByName@SpellMessageHandler@@SAPAU_SPELL_STRUCT@@V?$basic_string@DU?$char_traits@D@std@@V?$allocator@D@2@@std@@G@Z
474	0x0041EC30	Character	?GetSpells@Character@@QAEPAV?$TemplateList@VUSER_SKILL@@@@XZ
475	0x0041EA30	Character	?GetStatPoints@Character@@QAEGXZ
476	0x0048B720	Unit	?GetStaticReference@Unit@@UAEIXZ
477	0x0048F4D0	Unit	?GetStatus@Unit@@QAEEXZ
478	0x0043D900	IntlText	?GetString@IntlText@@SAAAVCString@@KGAAV2@@Z
479	0x0043D9F0	IntlText	?GetString@IntlText@@SAPBDKGPBD@Z
480	0x0048BCA0	Unit	?GetTarget@Unit@@UAEPAV1@XZ
481	0x00421240	Character	?GetTitle@Character@@QAE?AVCString@@_N@Z
482	0x0041EA80	Character	?GetTrueAC@Character@@QAENXZ
483	0x0048E260	Unit	?GetTrueAGI@Unit@@QAEGXZ
484	0x0048E280	Unit	?GetTrueATTACK@Unit@@QAEGXZ
485	0x00463330	Unit	?GetTrueAirPower@Unit@@QAEHXZ
486	0x004630F0	Unit	?GetTrueAirResist@Unit@@QAEHXZ
487	0x0048E290	Unit	?GetTrueDODGE@Unit@@QAEGXZ
488	0x00463380	Unit	?GetTrueDarkPower@Unit@@QAEHXZ
489	0x00463140	Unit	?GetTrueDarkResist@Unit@@QAEHXZ
490	0x0048E240	Unit	?GetTrueEND@Unit@@QAEGXZ
491	0x00463360	Unit	?GetTrueEarthPower@Unit@@QAEHXZ
492	0x00463120	Unit	?GetTrueEarthResist@Unit@@QAEHXZ
493	0x00463350	Unit	?GetTrueFirePower@Unit@@QAEHXZ
494	0x00463110	Unit	?GetTrueFireResist@Unit@@QAEHXZ
495	0x0048E230	Unit	?GetTrueINT@Unit@@QAEGXZ
496	0x00463370	Unit	?GetTrueLightPower@Unit@@QAEHXZ
497	0x00463130	Unit	?GetTrueLightResist@Unit@@QAEHXZ
498	0x0041D5F0	Character	?GetTrueMaxHP@Character@@UAEKXZ
499	0x00432AB0	Creatures	?GetTrueMaxHP@Creatures@@UAEKXZ
500	0x0048BD90	Unit	?GetTrueMaxHP@Unit@@UAEKXZ
501	0x0041D780	Character	?GetTrueMaxMana@Character@@UAEGXZ
502	0x00432AF0	Creatures	?GetTrueMaxMana@Creatures@@UAEGXZ
503	0x0048BE00	Unit	?GetTrueMaxMana@Unit@@UAEGXZ
504	0x0041DA50	Character	?GetTrueName@Character@@QAE?AVCString@@XZ
505	0x0048E250	Unit	?GetTrueSTR@Unit@@QAEGXZ
506	0x0048E270	Unit	?GetTrueWIS@Unit@@QAEGXZ
507	0x00463340	Unit	?GetTrueWaterPower@Unit@@QAEHXZ
508	0x00463100	Unit	?GetTrueWaterResist@Unit@@QAEHXZ
509	0x0048B670	Unit	?GetType@Unit@@QAEDXZ
510	0x0044C0F0	Objects	?GetUndead@Objects@@QAEGXZ
511	0x0048E320	Unit	?GetUndead@Unit@@QAEGXZ
512	0x0048F490	Unit	?GetUnderBlock@Unit@@QAEEXZ
513	0x00416D90	Character	?GetUnit@Character@@QAEXUWorldPos@@PAVUnit@@@Z
514	0x00422E30	Unit	?GetUpperLimit@Unit@@UAE?AUWorldPos@@XZ
515	0x00425480	CPlayerManager	?GetUserCount@CPlayerManager@@SAHXZ
516	0x0048E1D0	Unit	?GetWIS@Unit@@QAEGXZ
517	0x0048B680	Unit	?GetWL@Unit@@UAE?AUWorldPos@@XZ
518	0x00463240	Unit	?GetWaterPower@Unit@@QAEHXZ
519	0x00463000	Unit	?GetWaterResist@Unit@@QAEHXZ
520	0x0041F800	Character	?GetWeight@Character@@UAEHXZ
521	0x0048F4F0	Unit	?GetWeight@Unit@@UAEHXZ
522	0x00471EC0	TFCMAIN	?GetWorld@TFCMAIN@@SAPAVWorldMap@@G@Z
523	0x0041D1B0	Character	?GetXP@Character@@UAE_JXZ
524	0x0048B970	Unit	?GetXP@Unit@@UAE_JXZ
525	0x00446B50	(global)	?GiveGoldFunc@@YAXHPAVUnit@@_N@Z
526	0x0041EA10	Character	?GiveSkillPoints@Character@@QAEXG@Z
527	0x00446BC0	(global)	?GiveXPFunc@@YAXHPAVUnit@@0@Z
528	0x0048C270	Unit	?GotoLimit@Unit@@UAEXXZ
529	0x00451B50	CPlayerManager	?GrowBufferSpace@CPlayerManager@@KAXXZ
530	0x00438770	GAME_RULES	?HPregen@GAME_RULES@@SAXPAVUnit@@@Z
531	0x00447080	(global)	?HealPlayerFunc@@YAXHPAVUnit@@@Z
532	0x004888E0	TFCTime	?Hour@TFCTime@@SAHXZ
533	0x00438FE0	GAME_RULES	?InPVP@GAME_RULES@@SAHPAVUnit@@0@Z
534	0x00439190	GAME_RULES	?InSafeHaven@GAME_RULES@@SAHPAVUnit@@0@Z
535	0x00488AF0	TFCTime	?IncTime@TFCTime@@SAXXZ
536	0x004715D0	CT4CLog	?InitLogs@CT4CLog@@SAXXZ
537	0x00413460	Character	?InitXPchart@Character@@SAXXZ
538	0x00406060	AsyncFuncQueue	?Initialize@AsyncFuncQueue@@AAEXXZ
539	0x00489C70	Unit	?InitializeMessagesProcs@Unit@@SAXXZ
540	0x00412FB0	Character	?InitializeODBC@Character@@SAXXZ
541	0x00454990	Players	?InitializeODBC@Players@@SAXXZ
542	0x0043A3B0	Group	?Invite@Group@@QAE_NPAVCharacter@@0@Z
543	0x0043DF40	License	?IsAddOn@License@@SA_NXZ
544	0x00488A30	TFCTime	?IsAfterNoon@TFCTime@@SAHXZ
545	0x004AF250	WorldMap	?IsBlocking@WorldMap@@QAEHUWorldPos@@PAVUnit@@FF@Z
546	0x004B26D0	WorldMap	?IsCollideArea@WorldMap@@AAEHE@Z
547	0x004889E0	TFCTime	?IsDay@TFCTime@@SAHXZ
548	0x00463500	Unit	?IsDead@Unit@@QAE_NXZ
549	0x0048BA00	Unit	?IsDoing@Unit@@UAEEXZ
550	0x00488A70	TFCTime	?IsEvening@TFCTime@@SAHXZ
551	0x00401640	Players	?IsFullPVP@Players@@QAE_NXZ
552	0x00454A90	Players	?IsGod@Players@@QAEHXZ
553	0x0043ABB0	Group	?IsGroupMember@Group@@QAE_NPAVCharacter@@@Z
554	0x004579A0	Players	?IsIdle@Players@@QAEHXZ
555	0x0048C1D0	Unit	?IsInLimit@Unit@@UAEHUWorldPos@@@Z
556	0x00471C00	CT4CLog	?IsInit@CT4CLog@@SAHXZ
557	0x0043D8B0	IntlText	?IsLngOK@IntlText@@SAHXZ
558	0x00457110	Players	?IsLoading@Players@@QAE_NXZ
559	0x004889F0	TFCTime	?IsMorning@TFCTime@@SAHXZ
560	0x0044C160	Objects	?IsNameOverriden@Objects@@QAE_NXZ
561	0x00413940	Character	?IsNameValid@Character@@SA_NAAVCString@@@Z
562	0x004B0950	WorldMap	?IsNearPlayer@WorldMap@@QAEHUWorldPos@@@Z
563	0x004889A0	TFCTime	?IsNight@TFCTime@@SAHXZ
564	0x00432EA0	Creatures	?IsPrivateTalk@Creatures@@UAEHXZ
565	0x0048F540	Unit	?IsPrivateTalk@Unit@@UAEHXZ
566	0x00463450	Unit	?IsPuppet@Unit@@QAE_NXZ
567	0x00463470	Unit	?IsPuppetID@Unit@@SA_NG@Z
568	0x00460050	Skills	?IsSkill@Skills@@SAHHPAH@Z
569	0x00460090	Skills	?IsSkillLearnable@Skills@@SAHHPAVUnit@@AAVCString@@@Z
570	0x00488AA0	TFCTime	?IsSleepTime@TFCTime@@SAHXZ
571	0x00462380	SpellMessageHandler	?IsSpellLearnable@SpellMessageHandler@@SAHGPAVUnit@@AAVCString@@@Z
572	0x0044C500	Objects	?IsUnique@Objects@@QAE_NXZ
573	0x00401D10	WorldMap	?IsValidPosition@WorldMap@@QAE_NUWorldPos@@@Z
574	0x00463520	Unit	?IsVisible@Unit@@QAE_NXZ
575	0x0043AA60	Group	?Join@Group@@QAE_NPAVCharacter@@@Z
576	0x00420A00	Character	?JunkItems@Character@@QAEXKK_N@Z
577	0x0041CF30	Character	?Kill@Character@@QAEHXZ
578	0x00463550	Unit	?KillCreature@Unit@@QAEXXZ
579	0x00463560	Unit	?LastMoveWasBroadcasted@Unit@@QAE_NXZ
580	0x00514CE0	Random	?LastValue@Random@@0HA
581	0x0041E0C0	Character	?LearnSkill@Character@@QAEPAVUSER_SKILL@@KG_NAAVCString@@@Z
582	0x00456030	Players	?LoadAccount@Players@@QAEHVCString@@@Z
583	0x0048F070	Unit	?LoadBoosts@Unit@@QAEXAAVcODBCMage@@K@Z
584	0x00414B70	Character	?LoadCharacter@Character@@QAEHVCString@@@Z
585	0x0048E8A0	Unit	?LoadEffects@Unit@@QAEXAAVcODBCMage@@K@Z
586	0x0048F370	Unit	?LoadFlags@Unit@@QAEXAAVcODBCMage@@K@Z
587	0x0043D260	IntlText	?LoadLngDB@IntlText@@SAXVCString@@@Z
588	0x004CF320	CLogger	?Lock@CLogger@@QAEXXZ
589	0x00446FC0	(global)	?LogGoldDepositFunc@@YAXHHPBDPAVCharacter@@@Z
590	0x00446F00	(global)	?LogGoldWithdrawFunc@@YAXHHPBDPAVCharacter@@@Z
591	0x004585C0	Players	?Logoff@Players@@QAEXXZ
592	0x004583F0	Players	?Logon@Players@@QAEXXZ
593	0x00453640	CPlayerManager	?MSComGetUserList@CPlayerManager@@SA_NEAAPAEAAH@Z
594	0x00438830	GAME_RULES	?ManaRegen@GAME_RULES@@SAXPAVUnit@@@Z
595	0x00488960	TFCTime	?MaxDays@TFCTime@@SAHXZ
596	0x00488950	TFCTime	?MaxHours@TFCTime@@SAHXZ
597	0x00488940	TFCTime	?MaxMinutes@TFCTime@@SAHXZ
598	0x00488980	TFCTime	?MaxMonths@TFCTime@@SAHXZ
599	0x00488930	TFCTime	?MaxSeconds@TFCTime@@SAHXZ
600	0x00488970	TFCTime	?MaxWeeks@TFCTime@@SAHXZ
601	0x004888D0	TFCTime	?Minute@TFCTime@@SAHXZ
602	0x00456B10	Players	?ModifyPlayer@Players@@QAEXVCString@@GG@Z
603	0x00488910	TFCTime	?Month@TFCTime@@SAHXZ
604	0x0041D330	Character	?MoveUnit@Character@@UAE?AUWorldPos@@W4MOVE@DIR@@H_N1@Z
605	0x00432C10	Creatures	?MoveUnit@Creatures@@UAE?AUWorldPos@@W4MOVE@DIR@@H_N1@Z
606	0x0048BA50	Unit	?MoveUnit@Unit@@UAE?AUWorldPos@@W4MOVE@DIR@@H_N1@Z
607	0x004489E0	(global)	?NPCFormatMsg@@YAXAAVCString@@0@Z
608	0x00448A70	(global)	?NPCGetParameters@@YA_NPBDAAVCString@@PAV1@@Z
609	0x004488F0	(global)	?NPCKeyWord@@YA_NABVCString@@PBD@Z
610	0x00448300	(global)	?NPC_BUYFunc@@YA_NPAVUnit@@0GKKAAHPAU_SHOP_DATA@@@Z
611	0x00445A90	(global)	?NPCatoi@@YAHPBD@Z
612	0x004588B0	Players	?NameExists@Players@@SA_NABV?$basic_string@DU?$char_traits@D@std@@V?$allocator@D@2@@std@@@Z
613	0x00454AF0	Players	?NbPlayers@Players@@QAEIXZ
614	0x0041FAA0	Character	?NextLevelXP@Character@@UAE_JXZ
615	0x00433210	Unit	?NextLevelXP@Unit@@UAE_JXZ
616	0x0044E1E0	ObjectTimer	?ObjectInList@ObjectTimer@@SAHK@Z
617	0x0044E110	ObjectTimer	?ObjectInList@ObjectTimer@@SAHPAVUnit@@@Z
618	0x0048A880	BaseReferenceMessages	?OnAttack@BaseReferenceMessages@@MAEXPAVUnit@@00PAX1@Z
619	0x0044A1B0	NPCstructure	?OnAttack@NPCstructure@@UAEXPAVUnit@@00PAX1@Z
620	0x0044CB90	ObjectStructure	?OnAttack@ObjectStructure@@UAEXPAVUnit@@00PAX1@Z
621	0x0048A9C0	BaseReferenceMessages	?OnAttackHit@BaseReferenceMessages@@MAEXPAVUnit@@00PAX1@Z
622	0x0044AC00	NPCstructure	?OnAttackHit@NPCstructure@@UAEXPAVUnit@@00PAX1@Z
623	0x0044CF80	ObjectStructure	?OnAttackHit@ObjectStructure@@UAEXPAVUnit@@00PAX1@Z
624	0x0048A890	BaseReferenceMessages	?OnAttacked@BaseReferenceMessages@@MAEXPAVUnit@@00PAX1@Z
625	0x0044A250	NPCstructure	?OnAttacked@NPCstructure@@UAEXPAVUnit@@00PAX1@Z
626	0x0044CCE0	ObjectStructure	?OnAttacked@ObjectStructure@@UAEXPAVUnit@@00PAX1@Z
627	0x0048A930	BaseReferenceMessages	?OnDeath@BaseReferenceMessages@@MAEXPAVUnit@@00PAX1@Z
628	0x0044A540	NPCstructure	?OnDeath@NPCstructure@@UAEXPAVUnit@@00PAX1@Z
629	0x0048A9D0	BaseReferenceMessages	?OnDestroy@BaseReferenceMessages@@MAEXPAVUnit@@00PAX1@Z
630	0x0048A8A0	BaseReferenceMessages	?OnDisturbed@BaseReferenceMessages@@MAEXPAVUnit@@00PAX1@Z
631	0x0044D0D0	ObjectStructure	?OnDisturbed@ObjectStructure@@UAEXPAVUnit@@00PAX1@Z
632	0x0048A950	BaseReferenceMessages	?OnEquip@BaseReferenceMessages@@MAEXPAVUnit@@00PAX1@Z
633	0x0044D400	ObjectStructure	?OnEquip@ObjectStructure@@UAEXPAVUnit@@00PAX1@Z
634	0x0048A9A0	BaseReferenceMessages	?OnGetUnitStructure@BaseReferenceMessages@@MAEXPAVUnit@@00PAX1@Z
635	0x0044ABE0	NPCstructure	?OnGetUnitStructure@NPCstructure@@UAEXPAVUnit@@00PAX1@Z
636	0x0044CB70	ObjectStructure	?OnGetUnitStructure@ObjectStructure@@UAEXPAVUnit@@00PAX1@Z
637	0x0048A940	BaseReferenceMessages	?OnHit@BaseReferenceMessages@@MAEXPAVUnit@@00PAX1@Z
638	0x0044A270	NPCstructure	?OnHit@NPCstructure@@UAEXPAVUnit@@00PAX1@Z
639	0x0044CE30	ObjectStructure	?OnHit@ObjectStructure@@UAEXPAVUnit@@00PAX1@Z
640	0x0048A8F0	BaseReferenceMessages	?OnInitialise@BaseReferenceMessages@@MAEXPAVUnit@@00PAX1@Z
641	0x00449C40	NPCstructure	?OnInitialise@NPCstructure@@UAEXPAVUnit@@00PAX1@Z
642	0x0044CB00	ObjectStructure	?OnInitialise@ObjectStructure@@UAEXPAVUnit@@00PAX1@Z
643	0x0045A3C0	SimpleMonster	?OnInitialise@SimpleMonster@@UAEXPAVUnit@@00PAX1@Z
644	0x0048A920	BaseReferenceMessages	?OnMove@BaseReferenceMessages@@MAEXPAVUnit@@00PAX1@Z
645	0x0048A990	BaseReferenceMessages	?OnNPCDataExchange@BaseReferenceMessages@@MAEXPAVUnit@@00PAX1@Z
646	0x0044ABD0	NPCstructure	?OnNPCDataExchange@NPCstructure@@UAEXPAVUnit@@00PAX1@Z
647	0x0048A910	BaseReferenceMessages	?OnNoMoreShots@BaseReferenceMessages@@MAEXPAVUnit@@00PAX1@Z
648	0x0044D210	ObjectStructure	?OnNoMoreShots@ObjectStructure@@UAEXPAVUnit@@00PAX1@Z
649	0x0048A9B0	BaseReferenceMessages	?OnPopup@BaseReferenceMessages@@MAEXPAVUnit@@00PAX1@Z
650	0x0045A6B0	SimpleMonster	?OnPopup@SimpleMonster@@UAEXPAVUnit@@00PAX1@Z
651	0x0048A8E0	BaseReferenceMessages	?OnQuerySchedule@BaseReferenceMessages@@MAEXPAVUnit@@00PAX1@Z
652	0x0044ABF0	NPCstructure	?OnQuerySchedule@NPCstructure@@UAEXPAVUnit@@00PAX1@Z
653	0x0048A970	BaseReferenceMessages	?OnServerInitialisation@BaseReferenceMessages@@MAEXPAVUnit@@00PAX1G@Z
654	0x0044A060	NPCstructure	?OnServerInitialisation@NPCstructure@@UAEXPAVUnit@@00PAX1G@Z
655	0x0045A730	SimpleMonster	?OnServerInitialisation@SimpleMonster@@UAEXPAVUnit@@00PAX1G@Z
656	0x0048A980	BaseReferenceMessages	?OnServerTermination@BaseReferenceMessages@@MAEXPAVUnit@@00PAX1@Z
657	0x0048A8D0	BaseReferenceMessages	?OnTalk@BaseReferenceMessages@@MAEXPAVUnit@@00PAX1@Z
658	0x0048A8C0	BaseReferenceMessages	?OnTimer@BaseReferenceMessages@@MAEXPAVUnit@@00PAX1@Z
659	0x0048A960	BaseReferenceMessages	?OnUnequip@BaseReferenceMessages@@MAEXPAVUnit@@00PAX1@Z
660	0x0044D4E0	ObjectStructure	?OnUnequip@ObjectStructure@@UAEXPAVUnit@@00PAX1@Z
661	0x0048A8B0	BaseReferenceMessages	?OnUse@BaseReferenceMessages@@MAEXPAVUnit@@00PAX1@Z
662	0x0044D2E0	ObjectStructure	?OnUse@ObjectStructure@@UAEXPAVUnit@@00PAX1@Z
663	0x0048A900	BaseReferenceMessages	?OnView@BaseReferenceMessages@@MAEXPAVUnit@@00PAX1@Z
664	0x00459210	RegKeyHandler	?Open@RegKeyHandler@@QAEHPAUHKEY__@@PBD@Z
665	0x0048C7E0	Unit	?OriginalWorldPos@Unit@@QAE?AUWorldPos@@XZ
666	0x00420760	Character	?PacketBackpack@Character@@UAEXAAVTFCPacket@@_N@Z
667	0x0048C6D0	Unit	?PacketBackpack@Unit@@UAEXAAVTFCPacket@@_N@Z
668	0x00463490	Unit	?PacketOutline@Unit@@QAEXAAVTFCPacket@@@Z
669	0x0048F8A0	Unit	?PacketPopup@Unit@@QAEXUWorldPos@@AAVTFCPacket@@@Z
670	0x0041FB70	Character	?PacketPuppetInfo@Character@@UAEXAAVTFCPacket@@@Z
671	0x00433020	Creatures	?PacketPuppetInfo@Creatures@@UAEXAAVTFCPacket@@@Z
672	0x0048F620	Unit	?PacketPuppetInfo@Unit@@UAEXAAVTFCPacket@@@Z
673	0x004208B0	Character	?PacketRobBackpack@Character@@QAEXPAVUnit@@AAVTFCPacket@@@Z
674	0x004196F0	Character	?PacketSingleEquip@Character@@AAEXEAAVTFCPacket@@@Z
675	0x0041ED40	Character	?PacketSkills@Character@@QAEXAAVTFCPacket@@_N@Z
676	0x0041F280	Character	?PacketSpells@Character@@QAEXAAVTFCPacket@@E_N@Z
677	0x0041F5A0	Character	?PacketStatus@Character@@QAEXAAVTFCPacket@@_N@Z
678	0x0048F560	Unit	?PacketUnitInformation@Unit@@UAEXAAVTFCPacket@@@Z
679	0x004538C0	CPlayerManager	?PacketUserList@CPlayerManager@@SAXPAVPlayers@@@Z
680	0x00458800	Players	?PageNotification@Players@@QAEXXZ
681	0x00401620	Players	?PageState@Players@@QAE_NXZ
682	0x004531E0	CPlayerManager	?PageUser@CPlayerManager@@SAHPAVPlayers@@AAVCString@@V3@2_N@Z
683	0x0040C400	BoostFormula	?ParseFormula@BoostFormula@@AAEHPADPAU_OPERAND@1@@Z
684	0x0043CF90	IntlText	?ParseLngFile@IntlText@@CAHAAVEncParse@1@GAAV?$TemplateList@USTR_ID@IntlText@@@@@Z
685	0x0043DB40	IntlText	?ParseString@IntlText@@SAPBDPBDG@Z
686	0x00452870	CPlayerManager	?PlayerMaintenance@CPlayerManager@@KAXPAX@Z
687	0x00437550	DynObjManager	?PostInitDestroy@DynObjManager@@SAXXZ
688	0x0041FC90	Character	?PreTranslateInGameMessage@Character@@QAE_NVCString@@@Z
689	0x0041FAE0	Character	?PreviousLevelXP@Character@@QAE_JXZ
690	0x0041E8A0	Character	?PutPlayerInGame@Character@@QAEDXZ
691	0x004B1C60	WorldMap	?QueryAreaType@WorldMap@@QAEEUWorldPos@@@Z
692	0x004581F0	Players	?QueryAuthWatchDog@Players@@QAEXXZ
693	0x0041FE50	Character	?QueryAutoCombatState@Character@@QAE_NPAUAttack@1@@Z
694	0x0048DE60	Unit	?QueryBoost@Unit@@QAEHG@Z
695	0x0048D6A0	Unit	?QueryDirection@Unit@@QAE?AW4MOVE@DIR@@UWorldPos@@@Z
696	0x00405D00	AreaSensitiveEffect	?QueryEffect@AreaSensitiveEffect@@QAEHUWorldPos@@PAVUnit@@@Z
697	0x0048D110	Unit	?QueryEffects@Unit@@QAEXEPAXPAV1@1@Z
698	0x004B04B0	WorldMap	?QueryEffects@WorldMap@@QAEXUWorldPos@@PAVUnit@@@Z
699	0x00418340	Character	?QueryEquip@Character@@QAEHPAVUnit@@EEPAU_item@@@Z
700	0x004578F0	Players	?QueryNextSave@Players@@QAEXXZ
701	0x00454950	Players	?QuotedAccount@Players@@SAPADQADAAVCString@@@Z
702	0x00458FF0	Random	?Randomize@Random@@CA_JHHH@Z
703	0x00421D80	Character	?RangeAttack@Character@@AAEXPAVUnit@@@Z
704	0x00421620	Character	?RangedAttack@Character@@QAE_NXZ
705	0x00454260	CPlayerManager	?RefreshSystemChannels@CPlayerManager@@SAXXZ
706	0x0041E020	Character	?Regenerate@Character@@QAEXXZ
707	0x0045FF80	Skills	?Register@Skills@@SAXPBDKHP6AHKPAVUnit@@11PAX2PAVUSER_SKILL@@@ZPAU_SKILL_ATTRIBUTES@@HP6AX13K@Z@Z
708	0x00490B10	UnitEffectManager	?RegisterEffect@UnitEffectManager@@SAXKP6AXGKPAVUnit@@00PAX1@Z@Z
709	0x00437520	DynObjManager	?RegisterObjectStructureCallback@DynObjManager@@SAXGP6APAVObjectStructure@@XZ@Z
710	0x00461360	SpellMessageHandler	?RegisterSpell@SpellMessageHandler@@SAXGPAU_SPELL_STRUCT@@@Z
711	0x00460BD0	SpellEffectManager	?RegisterSuperstructure@SpellEffectManager@@SAXP6APAVSpellEffect@@PAU_SPELL_STRUCT@@@ZG@Z
712	0x00489C90	Unit	?RegisterUnitMessageHandler@Unit@@SAGGPAVBaseReferenceMessages@@PBDEHH@Z
713	0x00472060	TFCMAIN	?RegisterUnitStartupFunction@TFCMAIN@@SAXP6AXXZ@Z
714	0x00448B80	(global)	?RemortTo@@YAXPAVUnit@@KKK@Z
715	0x0044C4A0	Objects	?Remove@Objects@@QAEXK@Z
716	0x004AF560	WorldMap	?RemoveBlockingUnit@WorldMap@@QAEXUWorldPos@@PAVUnit@@@Z
717	0x0048DAF0	Unit	?RemoveBoost@Unit@@QAEXK@Z
718	0x0048DC60	Unit	?RemoveBoostFromStat@Unit@@QAEXG@Z
719	0x0048C930	Unit	?RemoveEffect@Unit@@QAEXK@Z
720	0x00435960	DynamicFlags	?RemoveFlag@DynamicFlags@@UAEXK@Z
721	0x0044DE70	ObjectTimer	?RemoveObject@ObjectTimer@@SAXK@Z
722	0x0044DCA0	ObjectTimer	?RemoveObject@ObjectTimer@@SAXPAVUnit@@@Z
723	0x00456C00	Players	?RemovePlayer@Players@@QAEXVCString@@@Z
724	0x00422840	Character	?RemoveReferenceTo@Character@@UAEXPAVUnit@@@Z
725	0x0048FC60	Unit	?RemoveReferenceTo@Unit@@UAEXPAV1@@Z
726	0x004540C0	CPlayerManager	?RemoveTargetReferences@CPlayerManager@@SAXPAVUnit@@@Z
727	0x00489750	TFCTimerManager	?RemoveTimersByCallback@TFCTimerManager@@SAHP6AXGEPAX0@Z@Z
728	0x00488F30	TFCTimers	?RemoveTimersByCallback@TFCTimers@@UAEHP6AXGEPAX0@Z@Z
729	0x00489790	TFCTimerManager	?RemoveTimersByCallbackAndParameter@TFCTimerManager@@SAHP6AXGEPAX0@Z0@Z
730	0x00489090	TFCTimers	?RemoveTimersByCallbackAndParameter@TFCTimers@@UAEHP6AXGEPAX0@Z0@Z
731	0x00489770	TFCTimerManager	?RemoveTimersByID@TFCTimerManager@@SAHG@Z
732	0x004891F0	TFCTimers	?RemoveTimersByID@TFCTimers@@UAEHG@Z
733	0x00489730	TFCTimerManager	?RemoveTimersByParameter@TFCTimerManager@@SAHPAX@Z
734	0x00488DD0	TFCTimers	?RemoveTimersByParameter@TFCTimers@@UAEHPAX@Z
735	0x00463510	Unit	?ResetDeath@Unit@@QAEXXZ
736	0x00457980	Players	?ResetIdle@Players@@QAEXXZ
737	0x0041FE80	Character	?RestorePreviousAutoCombatState@Character@@QAEXXZ
738	0x00421410	Character	?Rob@Character@@QAEXK@Z
739	0x00454B00	Players	?SaveAccount@Players@@QAEHH@Z
740	0x00453FB0	CPlayerManager	?SaveAll@CPlayerManager@@SAXXZ
741	0x0048EEB0	Unit	?SaveBoosts@Unit@@QAEHPAV?$TemplateList@U_SQL_REQUEST@@@@K@Z
742	0x00413D50	Character	?SaveCharacter@Character@@QAEHH@Z
743	0x0048E430	Unit	?SaveEffects@Unit@@QAEHPAV?$TemplateList@U_SQL_REQUEST@@@@K@Z
744	0x0048F1E0	Unit	?SaveFlags@Unit@@QAEHPAV?$TemplateList@U_SQL_REQUEST@@@@K@Z
745	0x0041EC60	Character	?SavingStart@Character@@AAEXXZ
746	0x0041ECD0	Character	?SavingStop@Character@@AAEXXZ
747	0x004B1530	WorldMap	?ScanHostiles@WorldMap@@QAEPAVUnit@@UWorldPos@@DPAV2@@Z
748	0x004888C0	TFCTime	?Second@TFCTime@@SAHXZ
749	0x00514CD8	Random	?Seed@Random@@0_KA
750	0x00485F10	TFCPacket	?Seek@TFCPacket@@QAEXJD@Z
751	0x00447E60	(global)	?SendBuyItemListFunc@@YAXAAV?$TemplateList@U_OBJECTITEM@@@@PAVUnit@@@Z
752	0x0043AE10	Group	?SendDisbandNotification@Group@@AAEXXZ
753	0x0048CF40	Unit	?SendGlobalEffectMessage@Unit@@QAEXEPAXPAV1@1@Z
754	0x0048A470	Unit	?SendGlobalUnitMessage@Unit@@SAXIPAV1@00PAX1@Z
755	0x0043AF00	Group	?SendGroupMembers@Group@@QAEXPAVCharacter@@@Z
756	0x0043B080	Group	?SendHpUpdate@Group@@QAEXPAVCharacter@@@Z
757	0x0041DD80	Character	?SendPlayerMessage@Character@@UAEXAAVTFCPacket@@@Z
758	0x0043DA70	IntlText	?SendPlayerMessage@IntlText@@SAXPAVUnit@@K@Z
759	0x0048C350	Unit	?SendPlayerMessage@Unit@@UAEXAAVTFCPacket@@@Z
760	0x0041F8E0	Character	?SendPrivateMessage@Character@@UAEXAAVCString@@PAVUnit@@K@Z
761	0x0048F550	Unit	?SendPrivateMessage@Unit@@UAEXAAVCString@@PAV1@K@Z
762	0x004480B0	(global)	?SendSellItemListFunc@@YAXAAVCString@@PBDAAV?$TemplateList@U_OBJECTITEM@@@@PAVUnit@@@Z
763	0x00422E90	Unit	?SendSystemMessage@Unit@@QAEXVCString@@@Z
764	0x00447840	(global)	?SendTeachSkillListFunc@@YAXHAAV?$TemplateList@U_SKILLITEM@@@@PAVUnit@@@Z
765	0x00447620	(global)	?SendTrainSkillListFunc@@YAXHAAV?$TemplateList@U_SKILLITEM@@@@PAVUnit@@@Z
766	0x0041DD60	Character	?SendUnitMessage@Character@@UAEHIPAVUnit@@00PAX1@Z
767	0x0048B150	Unit	?SendUnitMessage@Unit@@UAEHIPAV1@00PAX1@Z
768	0x0048E2D0	Unit	?SetAGI@Unit@@QAEXG@Z
769	0x0048E2F0	Unit	?SetATTACK@Unit@@QAEXG@Z
770	0x00456E40	Players	?SetAccount@Players@@QAEXVCString@@@Z
771	0x0041EC10	Character	?SetAgressivness@Character@@UAEXD@Z
772	0x00432A00	Creatures	?SetAgressivness@Creatures@@UAEXD@Z
773	0x0048BC70	Unit	?SetAgressivness@Unit@@UAEXD@Z
774	0x00463390	Unit	?SetAirPower@Unit@@QAEXH@Z
775	0x00463150	Unit	?SetAirResist@Unit@@QAEXH@Z
776	0x0048B950	Unit	?SetAppearance@Unit@@UAEXI@Z
777	0x00432BD0	Creatures	?SetAttack@Creatures@@UAEXH@Z
778	0x0048F450	Unit	?SetAttack@Unit@@UAEXH@Z
779	0x0041D240	Character	?SetBackpack@Character@@UAEXPAV?$TemplateList@VUnit@@@@@Z
780	0x0044C0C0	Objects	?SetBackpack@Objects@@UAEXPAV?$TemplateList@VUnit@@@@@Z
781	0x0048B990	Unit	?SetBackpack@Unit@@UAEXPAV?$TemplateList@VUnit@@@@@Z
782	0x00432C00	Creatures	?SetBindedHive@Creatures@@QAEXPAVHive@@@Z
783	0x0048F460	Unit	?SetBlock@Unit@@QAEXE@Z
784	0x004AF350	WorldMap	?SetBlocking@WorldMap@@AAEXUWorldPos@@E@Z
785	0x004AF3E0	WorldMap	?SetBlockingUnit@WorldMap@@QAEHUWorldPos@@PAVUnit@@@Z
786	0x0048C1C0	Unit	?SetBond@Unit@@UAEXPAV1@@Z
787	0x0048DF30	Unit	?SetBoost@Unit@@QAEXKGH@Z
788	0x004869B0	TFCPacket	?SetBuffer@TFCPacket@@QAEHPAEH@Z
789	0x00432BE0	Creatures	?SetCanMove@Creatures@@UAEXH@Z
790	0x0048F4A0	Unit	?SetCanMove@Unit@@UAEXH@Z
791	0x0041D5D0	Character	?SetClan@Character@@UAEXG@Z
792	0x00432A20	Creatures	?SetClan@Creatures@@UAEXG@Z
793	0x0048BC90	Unit	?SetClan@Unit@@UAEXG@Z
794	0x0048BD30	Unit	?SetCorpse@Unit@@UAEXG@Z
795	0x00457120	Players	?SetCredits@Players@@QAEXK@Z
796	0x0048E300	Unit	?SetDODGE@Unit@@QAEXG@Z
797	0x00463430	Unit	?SetDarkPower@Unit@@QAEXH@Z
798	0x004631F0	Unit	?SetDarkResist@Unit@@QAEXH@Z
799	0x00432A70	Creatures	?SetDestination@Creatures@@UAEXUWorldPos@@@Z
800	0x0048BA40	Unit	?SetDestination@Unit@@UAEXUWorldPos@@@Z
801	0x00432B50	Creatures	?SetDetectRange@Creatures@@UAEXE@Z
802	0x0048C5E0	Unit	?SetDetectRange@Unit@@UAEXE@Z
803	0x0048E2B0	Unit	?SetEND@Unit@@QAEXG@Z
804	0x004633F0	Unit	?SetEarthPower@Unit@@QAEXH@Z
805	0x004631B0	Unit	?SetEarthResist@Unit@@QAEXH@Z
806	0x0048B9B0	Unit	?SetEquipped@Unit@@UAEXPAV?$TemplateList@VUnit@@@@@Z
807	0x0041DB00	Character	?SetExhaust@Character@@UAEXU_EXHAUST@@@Z
808	0x004329C0	Creatures	?SetExhaust@Creatures@@UAEXU_EXHAUST@@@Z
809	0x0048B9F0	Unit	?SetExhaust@Unit@@UAEXU_EXHAUST@@@Z
810	0x0041DFE0	Character	?SetFaith@Character@@UAEXG@Z
811	0x0048C380	Unit	?SetFaith@Unit@@UAEXG@Z
812	0x004633D0	Unit	?SetFirePower@Unit@@QAEXH@Z
813	0x00463190	Unit	?SetFireResist@Unit@@QAEXH@Z
814	0x004357E0	DynamicFlags	?SetFlag@DynamicFlags@@UAEXKJ@Z
815	0x00409900	BoostFormula	?SetFormula@BoostFormula@@QAEHVCString@@@Z
816	0x00401630	Players	?SetFullPVP@Players@@QAEX_N@Z
817	0x00401590	Character	?SetGameOpContext@Character@@QAEXPAV1@@Z
818	0x00422F40	Unit	?SetGender@Unit@@UAEXE@Z
819	0x00454AC0	Players	?SetGodFlags@Players@@QAEX_K@Z
820	0x00454AA0	Players	?SetGodMode@Players@@QAEXH@Z
821	0x0041D880	Character	?SetGold@Character@@UAEXHH@Z
822	0x0048BE90	Unit	?SetGold@Unit@@UAEXHH@Z
823	0x0041FCB0	Character	?SetGroup@Character@@QAEXPAVGroup@@@Z
824	0x0041D6B0	Character	?SetHP@Character@@UAEXK_N@Z
825	0x00432AE0	Creatures	?SetHP@Creatures@@UAEXK_N@Z
826	0x0048BDF0	Unit	?SetHP@Unit@@UAEXK_N@Z
827	0x0048B710	Unit	?SetID@Unit@@QAEXI@Z
828	0x0048E2A0	Unit	?SetINT@Unit@@QAEXG@Z
829	0x00432AA0	Creatures	?SetIdleTime@Creatures@@UAEXI@Z
830	0x0048BD60	Unit	?SetIdleTime@Unit@@UAEXI@Z
831	0x00454AB0	Players	?SetInGame@Players@@QAEXH@Z
832	0x0048F980	Unit	?SetKarma@Unit@@UAEXH@Z
833	0x00432B70	Creatures	?SetLastTeleport@Creatures@@UAEXUWorldPos@@@Z
834	0x0048C7B0	Unit	?SetLastTeleport@Unit@@UAEXUWorldPos@@@Z
835	0x00421290	Character	?SetLevel@Character@@UAEXG@Z
836	0x0048C310	Unit	?SetLevel@Unit@@UAEXG@Z
837	0x00463410	Unit	?SetLightPower@Unit@@QAEXH@Z
838	0x004631D0	Unit	?SetLightResist@Unit@@QAEXH@Z
839	0x00401540	Character	?SetListingMiscDesc@Character@@QAEXVCString@@@Z
840	0x004CE940	CLogger	?SetLogFile@CLogger@@QAEXV?$basic_string@DU?$char_traits@D@std@@V?$allocator@D@2@@std@@@Z
841	0x004CE920	CLogger	?SetLogLevels@CLogger@@QAEXG@Z
842	0x0048C230	Unit	?SetLowerLimit@Unit@@UAEXUWorldPos@@@Z
843	0x0041D7C0	Character	?SetMana@Character@@UAEXGH@Z
844	0x00432B30	Creatures	?SetMana@Creatures@@QAEXG@Z
845	0x0048BE70	Unit	?SetMana@Unit@@UAEXGH@Z
846	0x0048D740	Unit	?SetMark@Unit@@QAEXE@Z
847	0x0041E000	Character	?SetMaxFaith@Character@@UAEXG@Z
848	0x0048C390	Unit	?SetMaxFaith@Unit@@UAEXG@Z
849	0x0041D600	Character	?SetMaxHP@Character@@UAEXK@Z
850	0x00432AC0	Creatures	?SetMaxHP@Creatures@@UAEXK@Z
851	0x0048BDD0	Unit	?SetMaxHP@Unit@@UAEXK@Z
852	0x0041D790	Character	?SetMaxMana@Character@@UAEXG@Z
853	0x00432B00	Creatures	?SetMaxMana@Creatures@@UAEXG@Z
854	0x0048BE50	Unit	?SetMaxMana@Unit@@UAEXG@Z
855	0x0041D9B0	Character	?SetName@Character@@UAEXVCString@@@Z
856	0x0044C170	Objects	?SetName@Objects@@UAEXVCString@@@Z
857	0x0048B930	Unit	?SetName@Unit@@UAEXVCString@@@Z
858	0x00457940	Players	?SetNextSave@Players@@QAEXXZ
859	0x004015F0	Players	?SetPVP@Players@@QAEX_N@Z
860	0x00412F90	Character	?SetPlayer@Character@@QAEXPAVPlayers@@@Z
861	0x00432E90	Creatures	?SetPrivateTalk@Creatures@@UAEXH@Z
862	0x0048F530	Unit	?SetPrivateTalk@Unit@@UAEXH@Z
863	0x0041DA80	Character	?SetPseudoName@Character@@QAEXVCString@@@Z
864	0x00456DC0	Players	?SetPwd@Players@@QAEXVCString@@@Z
865	0x0044C400	Objects	?SetQty@Objects@@QAEXK@Z
866	0x0048D690	Unit	?SetRadiance@Unit@@QAEXC@Z
867	0x00401600	Players	?SetRadiusPortID@Players@@QAEXK@Z
868	0x0048E2C0	Unit	?SetSTR@Unit@@QAEXG@Z
869	0x00459100	Random	?SetSeed@Random@@SAX_K@Z
870	0x0048BC50	Unit	?SetSpeed@Unit@@UAEXE@Z
871	0x004014A0	Character	?SetStatPoints@Character@@QAEXG@Z
872	0x0048F4E0	Unit	?SetStatus@Unit@@QAEXE@Z
873	0x0048BD80	Unit	?SetSystemDestroy@Unit@@UAEXH@Z
874	0x0048BCB0	Unit	?SetTarget@Unit@@UAEXPAV1@@Z
875	0x004014C0	Character	?SetTitle@Character@@QAEXVCString@@@Z
876	0x0044C0D0	Objects	?SetUndead@Objects@@QAEXG@Z
877	0x0048E310	Unit	?SetUndead@Unit@@QAEXG@Z
878	0x0048F480	Unit	?SetUnderBlock@Unit@@QAEXE@Z
879	0x0044C510	Objects	?SetUnique@Objects@@QAEXXZ
880	0x0048C250	Unit	?SetUpperLimit@Unit@@UAEXUWorldPos@@@Z
881	0x00463530	Unit	?SetVisibility@Unit@@QAEX_N@Z
882	0x0048E2E0	Unit	?SetWIS@Unit@@QAEXG@Z
883	0x0048B6B0	Unit	?SetWL@Unit@@UAEXUWorldPos@@@Z
884	0x004633B0	Unit	?SetWaterPower@Unit@@QAEXH@Z
885	0x00463170	Unit	?SetWaterResist@Unit@@QAEXH@Z
886	0x0041D1F0	Character	?SetXP@Character@@UAEX_J@Z
887	0x0048B960	Unit	?SetXP@Unit@@UAEX_J@Z
888	0x004470C0	(global)	?ShoutFunc@@YAXPBDPAVUnit@@1@Z
889	0x0040C390	BoostFormula	?SkipToNextParenthesis@BoostFormula@@AAEHAAHPAD@Z
890	0x0041FDD0	Character	?StartAutoCombat@Character@@QAEXUAttack@1@PAVUnit@@@Z
891	0x00472250	TFCMAIN	?StartBeat@TFCMAIN@@SAXXZ
892	0x0041FE40	Character	?StopAutoCombat@Character@@QAEXXZ
893	0x00471C10	CT4CLog	?StopLogs@CT4CLog@@SAXXZ
894	0x00446D20	(global)	?SummonFunc@@YAXPBDHHHPAVUnit@@1@Z
895	0x004B06C0	WorldMap	?SummonMonster@WorldMap@@QAE_NPAVUnit@@H@Z
896	0x004CF130	CLogger	?SyncLog@CLogger@@QAAXGPBDZZ
897	0x00420F60	Character	?SynchronizeGold@Character@@AAEXXZ
898	0x00448750	(global)	?SysMsgFunc@@YAXPBDPAVUnit@@1_N@Z
899	0x0048BD70	Unit	?SystemDestroy@Unit@@UAEHXZ
900	0x00446B80	(global)	?TakeGoldFunc@@YAXHPAVUnit@@_N@Z
901	0x00446880	(global)	?TakeItemFunc@@YAXIPAVUnit@@@Z
902	0x00446A00	(global)	?TakeItemHandleFunc@@YAXAAPAVUnit@@PAV1@@Z
903	0x0048C3E0	Unit	?Talk@Unit@@UAEXPBDKPAV1@@Z
904	0x0048BEA0	Unit	?Teleport@Unit@@UAEHUWorldPos@@E@Z
905	0x00446790	(global)	?TeleportFunc@@YAXHHHPAVUnit@@@Z
906	0x0043CCC0	IntlText	?ToChar@IntlText@@CAHAAVEncParse@1@DPBDAAG@Z
907	0x0043B1B0	Group	?ToggleAutoSplit@Group@@QAEX_N@Z
908	0x00401610	Players	?TogglePage@Players@@QAEX_N@Z
909	0x00458370	Players	?ToggleShout@Players@@QAEXXZ
910	0x00488990	TFCTime	?TotalTime@TFCTime@@SAIXZ
911	0x00412420	Character	?TraceExhaust@Character@@QAEXXZ
912	0x004607A0	Skills	?TrainSkill@Skills@@SAXPAVUnit@@PAVUSER_SKILL@@K@Z
913	0x0041DB90	Character	?TrainSkillPnt@Character@@QAEHHHG@Z
914	0x0041AB00	Character	?TrainUnit@Character@@UAEXXZ
915	0x0048C2F0	Unit	?TrainUnit@Unit@@UAEXXZ
916	0x00489FD0	Unit	?UnRegisterUnits@Unit@@SAXXZ
917	0x0048FBB0	Unit	?Unhide@Unit@@UAEXXZ
918	0x004CF330	CLogger	?Unlock@CLogger@@QAEXXZ
919	0x0048A140	Unit	?UnregisterUnit@Unit@@SAXG@Z
920	0x0043AD60	Group	?UpdateGroupListing@Group@@QAEXXZ
921	0x0043AE00	Group	?UpdateInviteListing@Group@@AAEXXZ
922	0x00456F30	Players	?UseDeathLock@Players@@QAEXXZ
923	0x004B0BA0	WorldMap	?UseItem@WorldMap@@QAEXUWorldPos@@KPAVUnit@@1@Z
924	0x0041A5C0	Character	?UseItemByAppearance@Character@@QAE_NGPAVUnit@@@Z
925	0x00457070	Players	?UsePicklock@Players@@QAEHPBDH@Z
926	0x0041DDE0	Character	?UseSkill@Character@@UAEHHPAVUnit@@PAX@Z
927	0x0041DED0	Character	?UseSkill@Character@@UAEHHUWorldPos@@@Z
928	0x0048C3C0	Unit	?UseSkill@Unit@@UAEHHPAV1@PAX@Z
929	0x0048C3D0	Unit	?UseSkill@Unit@@UAEHHUWorldPos@@@Z
930	0x0041DB30	Character	?UseSkillPnts@Character@@QAEHG@Z
931	0x0048C3A0	Unit	?UseSkillPnts@Unit@@UAEHE@Z
932	0x00419960	Character	?UseSpellEnergy@Character@@UAEHG@Z
933	0x0048D730	Unit	?UseSpellEnergy@Unit@@UAEHG@Z
934	0x0041DB60	Character	?UseStatPnts@Character@@UAEHE@Z
935	0x0048C3B0	Unit	?UseStatPnts@Unit@@UAEHE@Z
936	0x00456FE0	Players	?UseUnlock@Players@@QAEXPBDH@Z
937	0x0041FCD0	Character	?VaporizeUnit@Character@@UAEXXZ
938	0x00433120	Creatures	?VaporizeUnit@Creatures@@UAEXXZ
939	0x0044C2C0	Objects	?VaporizeUnit@Objects@@UAEXXZ
940	0x004B25F0	WorldMap	?VerifyInviewHives@WorldMap@@QAEXUWorldPos@@@Z
941	0x004B23C0	WorldMap	?VerifyPeripheralHives@WorldMap@@QAEXUWorldPos@@W4MOVE@DIR@@@Z
942	0x00453CA0	CPlayerManager	?VerifyPlayerUnique@CPlayerManager@@SAHPAVPlayers@@@Z
943	0x004AF610	WorldMap	?VerifyStackPacketting@WorldMap@@AAEXUWorldPos@@PAVCapuchon@@AAV?$TemplateList@VUnit@@@@PAVUnit@@@Z
944	0x00463E00	SysopCmd	?VerifySysopCommand@SysopCmd@@SAHPAVPlayers@@VCString@@@Z
945	0x0044E040	ObjectTimer	?VerifyTimers@ObjectTimer@@SAXXZ
946	0x004897B0	TFCTimerManager	?VerifyTimers@TFCTimerManager@@SAXXZ
947	0x00489350	TFCTimers	?VerifyTimers@TFCTimers@@UAEXXZ
948	0x0048D330	Unit	?VerifyTimers@Unit@@QAEXXZ
949	0x004AF5D0	WorldMap	?VerifyUnitPacketting@WorldMap@@AAE_NPAVUnit@@0UWorldPos@@@Z
950	0x00435720	DynamicFlags	?ViewFlag@DynamicFlags@@UAEJKJ@Z
951	0x0044C520	Objects	?ViewFlag@Objects@@UAEJKJ@Z
952	0x004AF0C0	WorldMap	?ViewTopUnit@WorldMap@@QAEPAVUnit@@UWorldPos@@@Z
953	0x0041EC50	Character	?WaitForSaving@Character@@QAEXXZ
954	0x00488900	TFCTime	?Week@TFCTime@@SAHXZ
955	0x00455D40	Players	?WriteCreditDeduction@Players@@QAEXXZ
956	0x004CF220	CLogger	?WriteLog@CLogger@@AAEXPBD@Z
957	0x00459290	RegKeyHandler	?WriteProfileInt@RegKeyHandler@@QAEXPBDK@Z
958	0x00459260	RegKeyHandler	?WriteProfileStringA@RegKeyHandler@@QAEXPBD0@Z
959	0x0041FB20	Character	?XPtoLevel@Character@@UAE_JXZ
960	0x00433220	Unit	?XPtoLevel@Unit@@UAE_JXZ
961	0x00488920	TFCTime	?Year@TFCTime@@SAHXZ
962	0x00446620	(global)	?_ORDER@@YAHVCString@@PBD1111@Z
963	0x00448B30	(global)	?__CastSpell@@YAXKPAVUnit@@0@Z
964	0x00445E80	(global)	?__CheckItem@@YAHPAVUnit@@G@Z
965	0x00445DB0	(global)	?__GetItemHandle@@YAPAXPAVUnit@@H@Z
966	0x00445AD0	(global)	?__GiveItem@@YAHPAVUnit@@0GH_N1@Z
967	0x00445F20	(global)	?__TeachSkill@@YAHPAVUnit@@KGK@Z
968	0x00446280	(global)	?__TrainSkill@@YAHPAVUnit@@GGKG@Z
969	0x004B0350	WorldMap	?add_effect@WorldMap@@QAEXIIIIGPAXH@Z
970	0x0041AF00	Character	?attack@Character@@UAEHPAU_ATTACK_STRUCTURE@@PAVUnit@@@Z
971	0x0048B730	Unit	?attack@Unit@@UAEHPAU_ATTACK_STRUCTURE@@PAV1@@Z
972	0x0041DC10	Character	?attack_hit@Character@@UAEHPAU_ATTACK_STRUCTURE@@PAVUnit@@@Z
973	0x0048B810	Unit	?attack_hit@Unit@@UAEHPAU_ATTACK_STRUCTURE@@PAV1@@Z
974	0x0041B050	Character	?attacked@Character@@UAEHPAU_ATTACK_STRUCTURE@@PAVUnit@@@Z
975	0x00401C00	Creatures	?attacked@Creatures@@UAEHPAU_ATTACK_STRUCTURE@@PAVUnit@@@Z
976	0x00401000	Objects	?attacked@Objects@@UAEHPAU_ATTACK_STRUCTURE@@PAVUnit@@@Z
977	0x0048B790	Unit	?attacked@Unit@@UAEHPAU_ATTACK_STRUCTURE@@PAV1@@Z
978	0x0050334C	GAME_RULES	?bPVPRule@GAME_RULES@@0EA
979	0x00514A38	CPlayerManager	?cFetchLock@CPlayerManager@@1VCLock@@A
980	0x00514A58	CPlayerManager	?cMaintenanceLock@CPlayerManager@@1VCLock@@A
981	0x00515DD8	CT4CLog	?cT4CLogs@CT4CLog@@0PAV1@A
982	0x00514A80	CPlayerManager	?cUserLock@CPlayerManager@@1VCLock@@A
983	0x00514D40	Skills	?c_aSkills@Skills@@0VCPtrArray@@A
984	0x00417050	Character	?can_get@Character@@QAEHUWorldPos@@PAVObjects@@@Z
985	0x004AFF00	WorldMap	?create_world_unit@WorldMap@@QAEPAVUnit@@DIUWorldPos@@PAV2@H@Z
986	0x00515DB8	SysopCmd	?csSysLock@SysopCmd@@0VCLock@@A
987	0x00514610	ObjectTimer	?csThreadLock@ObjectTimer@@0VCLock@@A
988	0x004AF110	WorldMap	?deposit_unit@WorldMap@@QAEXUWorldPos@@PAVUnit@@@Z
989	0x00514480	(global)	?dfGlobalFlags@@3VDynamicFlags@@A
990	0x005061F4	Players	?dwAutoSaveFrequency@Players@@0KA
991	0x00418590	Character	?equip_object@Character@@QAEDK@Z
992	0x00417AC0	Character	?god_create_object@Character@@QAEKG@Z
993	0x00514AB0	CPlayerManager	?hDeletionIo@CPlayerManager@@1PAXA
994	0x00514AAC	CPlayerManager	?hMaintenanceThread@CPlayerManager@@1PAXA
995	0x0041CC00	Character	?hit@Character@@UAEHPAU_ATTACK_STRUCTURE@@PAVUnit@@@Z
996	0x00432900	Creatures	?hit@Creatures@@UAEHPAU_ATTACK_STRUCTURE@@PAVUnit@@@Z
997	0x0044C090	Objects	?hit@Objects@@UAEHPAU_ATTACK_STRUCTURE@@PAVUnit@@@Z
998	0x0048B7D0	Unit	?hit@Unit@@UAEHPAU_ATTACK_STRUCTURE@@PAV1@@Z
999	0x004B1CD0	WorldMap	?internalIsBlocking@WorldMap@@AAEHUWorldPos@@PAVUnit@@FF@Z
1000	0x00413A00	Character	?load_character@Character@@QAEDVCString@@0PAE@Z
1001	0x00514AB4	CPlayerManager	?lpChatter@CPlayerManager@@1PAVChatterChannels@@A
1002	0x005141E8	IntlText	?lpLang@IntlText@@0PAULNG_STR@1@A
1003	0x005163F4	Unit	?lpMessagesProc@Unit@@0PAPAVBaseReferenceMessages@@A
1004	0x00514AA0	CPlayerManager	?lpRegisteredUsers@CPlayerManager@@1PAPAVPlayers@@A
1005	0x00514DA4	SpellMessageHandler	?lpSpellTable@SpellMessageHandler@@0PAPAU_SPELL_STRUCT@@A
1006	0x005141E0	IntlText	?m_Instance@IntlText@@0V1@A
1007	0x00501108	Character	?m_bSkillPnt@Character@@0PAEA
1008	0x00419950	Character	?memorize_spell@Character@@QAEDEGK@Z
1009	0x004B12A0	WorldMap	?move_world_unit@WorldMap@@QAEHUWorldPos@@0KDH_N@Z
1010	0x00514AA8	CPlayerManager	?nBufferSize@CPlayerManager@@1HA
1011	0x0051634C	TFCTime	?nTotalTime@TFCTime@@0IA
1012	0x00514AA4	CPlayerManager	?nUserCount@CPlayerManager@@1HA
1013	0x00419870	Character	?packet_equiped@Character@@QAEXAAVTFCPacket@@_N@Z
1014	0x004B0C40	WorldMap	?packet_inview_units@WorldMap@@QAEHUWorldPos@@AAVTFCPacket@@EPAVUnit@@@Z
1015	0x004AF770	WorldMap	?packet_peripheral_units@WorldMap@@QAEHUWorldPos@@EW4MOVE@DIR@@AAVTFCPacket@@PAVUnit@@@Z
1016	0x0041D250	Character	?packet_stats@Character@@QAEXAAVTFCPacket@@_N@Z
1017	0x004B1090	WorldMap	?remove_world_unit@WorldMap@@QAEXUWorldPos@@K@Z
1018	0x0041CF50	Character	?reset_character@Character@@QAEXXZ
1019	0x00401030	Random	?roll@Random@@QAEHAAVdice@@@Z
1020	0x00413640	Character	?roll_stats@Character@@QAEHXZ
1021	0x00511B18	Character	?sm_n64XPchart@Character@@2PA_JA
1022	0x00516310	TFCTime	?tCurTime@TFCTime@@0U_TFCTIME@@A
1023	0x00516358	TFCTimerManager	?tGlobalTimer@TFCTimerManager@@0VTFCTimers@@A
1024	0x00516330	TFCTime	?tMaxTime@TFCTime@@0U_TFCTIME@@A
1025	0x00459160	Random	?testvs@Random@@SAHHH@Z
1026	0x005122A0	DynObjManager	?tlDynObjects@DynObjManager@@0V?$TemplateList@UDYNLIST@DynObjManager@@@@A
1027	0x00556400	UnitEffectManager	?tlEffectList@UnitEffectManager@@0V?$TemplateList@UEFFECT_LIST@UnitEffectManager@@@@A
1028	0x00515DF0	TFCMAIN	?tlFuncList@TFCMAIN@@0V?$TemplateList@U_FUNC@TFCMAIN@@@@A
1029	0x00514D60	SpellEffectManager	?tlRegisteredEffects@SpellEffectManager@@0V?$TemplateList@UREGISTERED_SUPERSTRUCTURE@SpellEffectManager@@@@A
1030	0x00512258	DynObjManager	?tlRegisteredUnits@DynObjManager@@0V?$TemplateList@VObjectStructure@@@@A
1031	0x005163B0	Unit	?tlUnitTypes@Unit@@0V?$TemplateList@UUNIT_TYPE@Unit@@@@A
1032	0x00514638	ObjectTimer	?tluObjectTimers@ObjectTimer@@0V?$TemplateList@VUnit@@@@A
1033	0x004194D0	Character	?unequip_object@Character@@QAEDE_N@Z
1034	0x0041A030	Character	?use_item@Character@@QAEXKPAVUnit@@@Z
1035	0x005141E2	IntlText	?wDefaultLng@IntlText@@0GA
1036	0x004D1630	(global)	ExpFltr_end
1037	0x004CFE50	(global)	ExpFltr_start
1038	0x00514598	(global)	__OBJ_BALANCE
1039	0x00514570	(global)	__OBJ_BANJO
1040	0x00514534	(global)	__OBJ_BEER_MUG
1041	0x00514538	(global)	__OBJ_BEER_MUG_TOO_FULL
1042	0x00514540	(global)	__OBJ_BEVERAGE
1043	0x005145F4	(global)	__OBJ_BLACK_POTION
1044	0x005145EC	(global)	__OBJ_BLUE_POTION
1045	0x00514584	(global)	__OBJ_BLUE_WHOOL_BALL
1046	0x005145E0	(global)	__OBJ_BREAD
1047	0x0051456C	(global)	__OBJ_BROOM_ON_FLOOR
1048	0x00514568	(global)	__OBJ_BROOM_ON_WALL
1049	0x005145AC	(global)	__OBJ_BUCHE_DE_BOIS
1050	0x005144F8	(global)	__OBJ_CAMP_FIRE
1051	0x00514588	(global)	__OBJ_CHANDELLE
1052	0x0051458C	(global)	__OBJ_CHANDELLE_SUR_PIED
1053	0x005145DC	(global)	__OBJ_CHICKEN
1054	0x00514544	(global)	__OBJ_CUP_FULL
1055	0x005145E8	(global)	__OBJ_DEAD_FISHES
1056	0x005145C8	(global)	__OBJ_DECAYED_BAT_WINGS
1057	0x005144B0	(global)	__OBJ_DECOR001
1058	0x005144B4	(global)	__OBJ_DECOR002
1059	0x005144B8	(global)	__OBJ_DECOR003
1060	0x005144BC	(global)	__OBJ_DECOR004
1061	0x005144C0	(global)	__OBJ_DECOR005
1062	0x005144C4	(global)	__OBJ_DECOR006
1063	0x005144C8	(global)	__OBJ_DECOR007
1064	0x005144CC	(global)	__OBJ_DECOR008
1065	0x005144D0	(global)	__OBJ_DECOR009
1066	0x005144D4	(global)	__OBJ_DECOR010
1067	0x005144D8	(global)	__OBJ_DECOR011
1068	0x005144DC	(global)	__OBJ_DECOR012
1069	0x005144E0	(global)	__OBJ_DECOR013
1070	0x005144E4	(global)	__OBJ_DECOR014
1071	0x005144E8	(global)	__OBJ_DECOR015
1072	0x005144EC	(global)	__OBJ_DECOR016
1073	0x005144F0	(global)	__OBJ_DECOR017
1074	0x005144F4	(global)	__OBJ_DECOR018
1075	0x0051453C	(global)	__OBJ_EMPTY_GLASS
1076	0x00514530	(global)	__OBJ_EMPTY_MUG
1077	0x005145A4	(global)	__OBJ_EPROUVETTE_3_PACKS
1078	0x005145A0	(global)	__OBJ_EPROUVETTE_6_PACKS
1079	0x005145A8	(global)	__OBJ_EPROUVETTE_ALONE
1080	0x005145C4	(global)	__OBJ_FAKE_DRAGON_TOOTH
1081	0x005145D8	(global)	__OBJ_FAT_JAMBON
1082	0x005145BC	(global)	__OBJ_FISHING_POLE
1083	0x0051460C	(global)	__OBJ_GOLD
1084	0x00514580	(global)	__OBJ_GREEN_WHOOL_BALL
1085	0x0051459C	(global)	__OBJ_HOURGLASS
1086	0x005145CC	(global)	__OBJ_JAMBON
1087	0x00514554	(global)	__OBJ_KITCHEN_BOWL
1088	0x0051455C	(global)	__OBJ_KITCHEN_FORK
1089	0x00514560	(global)	__OBJ_KITCHEN_KNIFE
1090	0x00514558	(global)	__OBJ_KITCHEN_SPOON
1091	0x005145C0	(global)	__OBJ_LETTER_FOR_MERCHANT
1092	0x00514608	(global)	__OBJ_LETTUCE
1093	0x005145B0	(global)	__OBJ_LONGUE_VUE
1094	0x005145D0	(global)	__OBJ_LONG_SAUSAGE
1095	0x00514578	(global)	__OBJ_LONG_WHOOL_BALL
1096	0x00514590	(global)	__OBJ_MIRROR
1097	0x005145E4	(global)	__OBJ_PACK_OF_PASTRIES
1098	0x00514594	(global)	__OBJ_PINCES
1099	0x005145F8	(global)	__OBJ_PURPLE_POTION
1100	0x00514604	(global)	__OBJ_ROMANCE_BOOK
1101	0x00514564	(global)	__OBJ_ROULEAU_A_PATE
1102	0x005145D4	(global)	__OBJ_SAUSAGE_PACK
1103	0x00514574	(global)	__OBJ_TAMBOUR
1104	0x0051457C	(global)	__OBJ_WHOOL_BALL
1105	0x0051454C	(global)	__OBJ_WOODEN_BOWL
1106	0x005144FC	(global)	__OBJ_WOODEN_CHAIR
1107	0x00514504	(global)	__OBJ_WOODEN_CHAIR_2
1108	0x00514510	(global)	__OBJ_WOODEN_CHAIR_2_FLIP
1109	0x00514528	(global)	__OBJ_WOODEN_CHAIR_2_I_REV
1110	0x0051451C	(global)	__OBJ_WOODEN_CHAIR_2_REV
1111	0x0051450C	(global)	__OBJ_WOODEN_CHAIR_FLIP
1112	0x00514524	(global)	__OBJ_WOODEN_CHAIR_I_REV
1113	0x00514518	(global)	__OBJ_WOODEN_CHAIR_REV
1114	0x00514548	(global)	__OBJ_WOODEN_CUP
1115	0x005145FC	(global)	__OBJ_WOODEN_DOOR
1116	0x00514600	(global)	__OBJ_WOODEN_DOOR_FLIP
1117	0x00514500	(global)	__OBJ_WOODEN_ROUND_CHAIR
1118	0x00514508	(global)	__OBJ_WOODEN_ROUND_CHAIR_2
1119	0x00514514	(global)	__OBJ_WOODEN_ROUND_CHAIR_2_FLIP
1120	0x0051452C	(global)	__OBJ_WOODEN_ROUND_CHAIR_2_I_REV
1121	0x00514520	(global)	__OBJ_WOODEN_ROUND_CHAIR_2_REV
1122	0x00514550	(global)	__OBJ_WOODEN_VASE
1123	0x005145B4	(global)	__OBJ_WOOD_PACK_CLASSED
1124	0x005145B8	(global)	__OBJ_WOOD_PACK_MIXED
1125	0x005145F0	(global)	__OBJ_YELLOW_POTION
